State_code,Date,RR_change
AL,3/15/2020,-7
AK,3/15/2020,5
AZ,3/15/2020,-2
AR,3/15/2020,-5
CA,3/15/2020,-16
CO,3/15/2020,-14
CT,3/15/2020,-13
DE,3/15/2020,-7
DC,3/15/2020,-35
FL,3/15/2020,-9
GA,3/15/2020,-12
HI,3/15/2020,-8
ID,3/15/2020,2
IL,3/15/2020,-8
IN,3/15/2020,-7
IA,3/15/2020,0
KS,3/15/2020,-6
KY,3/15/2020,-11
LA,3/15/2020,-5
ME,3/15/2020,0
MD,3/15/2020,-13
MA,3/15/2020,-15
MI,3/15/2020,-11
MN,3/15/2020,-5
MS,3/15/2020,2
MO,3/15/2020,-2
MT,3/15/2020,-14
NE,3/15/2020,-12
NV,3/15/2020,-6
NH,3/15/2020,-6
NJ,3/15/2020,-14
NM,3/15/2020,-7
NY,3/15/2020,-14
NC,3/15/2020,-8
ND,3/15/2020,-8
OH,3/15/2020,-9
OK,3/15/2020,-5
OR,3/15/2020,-11
PA,3/15/2020,-8
RI,3/15/2020,-13
SC,3/15/2020,2
SD,3/15/2020,-8
TN,3/15/2020,-8
TX,3/15/2020,-9
UT,3/15/2020,-6
VT,3/15/2020,-8
VA,3/15/2020,-14
WA,3/15/2020,-10
WV,3/15/2020,-3
WI,3/15/2020,-5
WY,3/15/2020,-4
AL,3/16/2020,-2
AK,3/16/2020,1
AZ,3/16/2020,0
AR,3/16/2020,-6
CA,3/16/2020,-12
CO,3/16/2020,-7
CT,3/16/2020,-7
DE,3/16/2020,0
DC,3/16/2020,-31
FL,3/16/2020,-6
GA,3/16/2020,-8
HI,3/16/2020,-10
ID,3/16/2020,2
IL,3/16/2020,-10
IN,3/16/2020,-5
IA,3/16/2020,-3
KS,3/16/2020,-7
KY,3/16/2020,-8
LA,3/16/2020,-3
ME,3/16/2020,-7
MD,3/16/2020,-7
MA,3/16/2020,-12
MI,3/16/2020,-17
MN,3/16/2020,-5
MS,3/16/2020,4
MO,3/16/2020,-2
MT,3/16/2020,-2
NE,3/16/2020,-5
NV,3/16/2020,-5
NH,3/16/2020,-1
NJ,3/16/2020,-10
NM,3/16/2020,-2
NY,3/16/2020,-15
NC,3/16/2020,-4
ND,3/16/2020,-4
OH,3/16/2020,-16
OK,3/16/2020,-2
OR,3/16/2020,-5
PA,3/16/2020,-6
RI,3/16/2020,-8
SC,3/16/2020,-1
SD,3/16/2020,-7
TN,3/16/2020,-4
TX,3/16/2020,-4
UT,3/16/2020,-7
VT,3/16/2020,-5
VA,3/16/2020,-7
WA,3/16/2020,-13
WV,3/16/2020,-1
WI,3/16/2020,-10
WY,3/16/2020,1
AL,3/17/2020,-11
AK,3/17/2020,-14
AZ,3/17/2020,-9
AR,3/17/2020,-10
CA,3/17/2020,-23
CO,3/17/2020,-24
CT,3/17/2020,-27
DE,3/17/2020,-17
DC,3/17/2020,-40
FL,3/17/2020,-11
GA,3/17/2020,-14
HI,3/17/2020,-18
ID,3/17/2020,-7
IL,3/17/2020,-23
IN,3/17/2020,-21
IA,3/17/2020,-21
KS,3/17/2020,-13
KY,3/17/2020,-19
LA,3/17/2020,-18
ME,3/17/2020,-24
MD,3/17/2020,-20
MA,3/17/2020,-32
MI,3/17/2020,-29
MN,3/17/2020,-18
MS,3/17/2020,-3
MO,3/17/2020,-10
MT,3/17/2020,-19
NE,3/17/2020,-17
NV,3/17/2020,-12
NH,3/17/2020,-22
NJ,3/17/2020,-27
NM,3/17/2020,-11
NY,3/17/2020,-31
NC,3/17/2020,-13
ND,3/17/2020,-10
OH,3/17/2020,-25
OK,3/17/2020,-10
OR,3/17/2020,-22
PA,3/17/2020,-28
RI,3/17/2020,-31
SC,3/17/2020,-8
SD,3/17/2020,-8
TN,3/17/2020,-10
TX,3/17/2020,-12
UT,3/17/2020,-18
VT,3/17/2020,-24
VA,3/17/2020,-13
WA,3/17/2020,-26
WV,3/17/2020,-5
WI,3/17/2020,-20
WY,3/17/2020,-7
AL,3/18/2020,-13
AK,3/18/2020,-19
AZ,3/18/2020,-23
AR,3/18/2020,-12
CA,3/18/2020,-29
CO,3/18/2020,-26
CT,3/18/2020,-27
DE,3/18/2020,-23
DC,3/18/2020,-45
FL,3/18/2020,-19
GA,3/18/2020,-18
HI,3/18/2020,-20
ID,3/18/2020,-12
IL,3/18/2020,-34
IN,3/18/2020,-27
IA,3/18/2020,-32
KS,3/18/2020,-16
KY,3/18/2020,-24
LA,3/18/2020,-20
ME,3/18/2020,-25
MD,3/18/2020,-23
MA,3/18/2020,-31
MI,3/18/2020,-33
MN,3/18/2020,-34
MS,3/18/2020,-5
MO,3/18/2020,-12
MT,3/18/2020,-27
NE,3/18/2020,-22
NV,3/18/2020,-27
NH,3/18/2020,-23
NJ,3/18/2020,-30
NM,3/18/2020,-15
NY,3/18/2020,-33
NC,3/18/2020,-22
ND,3/18/2020,-19
OH,3/18/2020,-29
OK,3/18/2020,-12
OR,3/18/2020,-25
PA,3/18/2020,-33
RI,3/18/2020,-28
SC,3/18/2020,-19
SD,3/18/2020,-14
TN,3/18/2020,-15
TX,3/18/2020,-16
UT,3/18/2020,-26
VT,3/18/2020,-30
VA,3/18/2020,-21
WA,3/18/2020,-28
WV,3/18/2020,-18
WI,3/18/2020,-34
WY,3/18/2020,-13
AL,3/19/2020,-20
AK,3/19/2020,-26
AZ,3/19/2020,-22
AR,3/19/2020,-18
CA,3/19/2020,-32
CO,3/19/2020,-46
CT,3/19/2020,-33
DE,3/19/2020,-26
DC,3/19/2020,-46
FL,3/19/2020,-23
GA,3/19/2020,-21
HI,3/19/2020,-23
ID,3/19/2020,-15
IL,3/19/2020,-34
IN,3/19/2020,-28
IA,3/19/2020,-37
KS,3/19/2020,-23
KY,3/19/2020,-28
LA,3/19/2020,-25
ME,3/19/2020,-35
MD,3/19/2020,-24
MA,3/19/2020,-39
MI,3/19/2020,-34
MN,3/19/2020,-41
MS,3/19/2020,-13
MO,3/19/2020,-25
MT,3/19/2020,-29
NE,3/19/2020,-33
NV,3/19/2020,-36
NH,3/19/2020,-33
NJ,3/19/2020,-35
NM,3/19/2020,-24
NY,3/19/2020,-39
NC,3/19/2020,-23
ND,3/19/2020,-30
OH,3/19/2020,-32
OK,3/19/2020,-20
OR,3/19/2020,-28
PA,3/19/2020,-35
RI,3/19/2020,-36
SC,3/19/2020,-22
SD,3/19/2020,-29
TN,3/19/2020,-17
TX,3/19/2020,-22
UT,3/19/2020,-30
VT,3/19/2020,-37
VA,3/19/2020,-23
WA,3/19/2020,-31
WV,3/19/2020,-22
WI,3/19/2020,-39
WY,3/19/2020,-31
AL,3/20/2020,-27
AK,3/20/2020,-28
AZ,3/20/2020,-28
AR,3/20/2020,-23
CA,3/20/2020,-40
CO,3/20/2020,-42
CT,3/20/2020,-32
DE,3/20/2020,-25
DC,3/20/2020,-50
FL,3/20/2020,-29
GA,3/20/2020,-24
HI,3/20/2020,-31
ID,3/20/2020,-21
IL,3/20/2020,-33
IN,3/20/2020,-30
IA,3/20/2020,-35
KS,3/20/2020,-24
KY,3/20/2020,-29
LA,3/20/2020,-32
ME,3/20/2020,-38
MD,3/20/2020,-27
MA,3/20/2020,-34
MI,3/20/2020,-41
MN,3/20/2020,-38
MS,3/20/2020,-23
MO,3/20/2020,-24
MT,3/20/2020,-33
NE,3/20/2020,-33
NV,3/20/2020,-38
NH,3/20/2020,-33
NJ,3/20/2020,-35
NM,3/20/2020,-28
NY,3/20/2020,-40
NC,3/20/2020,-25
ND,3/20/2020,-40
OH,3/20/2020,-35
OK,3/20/2020,-26
OR,3/20/2020,-32
PA,3/20/2020,-39
RI,3/20/2020,-32
SC,3/20/2020,-25
SD,3/20/2020,-26
TN,3/20/2020,-27
TX,3/20/2020,-30
UT,3/20/2020,-33
VT,3/20/2020,-41
VA,3/20/2020,-26
WA,3/20/2020,-33
WV,3/20/2020,-30
WI,3/20/2020,-40
WY,3/20/2020,-38
AL,3/21/2020,-35
AK,3/21/2020,-37
AZ,3/21/2020,-36
AR,3/21/2020,-33
CA,3/21/2020,-48
CO,3/21/2020,-43
CT,3/21/2020,-38
DE,3/21/2020,-34
DC,3/21/2020,-60
FL,3/21/2020,-39
GA,3/21/2020,-31
HI,3/21/2020,-40
ID,3/21/2020,-29
IL,3/21/2020,-46
IN,3/21/2020,-39
IA,3/21/2020,-44
KS,3/21/2020,-38
KY,3/21/2020,-38
LA,3/21/2020,-42
ME,3/21/2020,-41
MD,3/21/2020,-36
MA,3/21/2020,-42
MI,3/21/2020,-46
MN,3/21/2020,-49
MS,3/21/2020,-30
MO,3/21/2020,-37
MT,3/21/2020,-41
NE,3/21/2020,-38
NV,3/21/2020,-46
NH,3/21/2020,-39
NJ,3/21/2020,-42
NM,3/21/2020,-37
NY,3/21/2020,-46
NC,3/21/2020,-32
ND,3/21/2020,-52
OH,3/21/2020,-44
OK,3/21/2020,-35
OR,3/21/2020,-40
PA,3/21/2020,-48
RI,3/21/2020,-39
SC,3/21/2020,-32
SD,3/21/2020,-33
TN,3/21/2020,-33
TX,3/21/2020,-40
UT,3/21/2020,-40
VT,3/21/2020,-46
VA,3/21/2020,-37
WA,3/21/2020,-43
WV,3/21/2020,-35
WI,3/21/2020,-48
WY,3/21/2020,-39
AL,3/22/2020,-40
AK,3/22/2020,-30
AZ,3/22/2020,-37
AR,3/22/2020,-41
CA,3/22/2020,-50
CO,3/22/2020,-41
CT,3/22/2020,-43
DE,3/22/2020,-38
DC,3/22/2020,-60
FL,3/22/2020,-43
GA,3/22/2020,-39
HI,3/22/2020,-42
ID,3/22/2020,-22
IL,3/22/2020,-63
IN,3/22/2020,-46
IA,3/22/2020,-46
KS,3/22/2020,-35
KY,3/22/2020,-40
LA,3/22/2020,-40
ME,3/22/2020,-38
MD,3/22/2020,-40
MA,3/22/2020,-46
MI,3/22/2020,-47
MN,3/22/2020,-48
MS,3/22/2020,-36
MO,3/22/2020,-40
MT,3/22/2020,-39
NE,3/22/2020,-40
NV,3/22/2020,-46
NH,3/22/2020,-41
NJ,3/22/2020,-57
NM,3/22/2020,-36
NY,3/22/2020,-54
NC,3/22/2020,-39
ND,3/22/2020,-49
OH,3/22/2020,-38
OK,3/22/2020,-38
OR,3/22/2020,-37
PA,3/22/2020,-47
RI,3/22/2020,-42
SC,3/22/2020,-39
SD,3/22/2020,-31
TN,3/22/2020,-37
TX,3/22/2020,-41
UT,3/22/2020,-33
VT,3/22/2020,-47
VA,3/22/2020,-38
WA,3/22/2020,-38
WV,3/22/2020,-40
WI,3/22/2020,-50
WY,3/22/2020,-38
AL,3/23/2020,-33
AK,3/23/2020,-36
AZ,3/23/2020,-31
AR,3/23/2020,-29
CA,3/23/2020,-41
CO,3/23/2020,-31
CT,3/23/2020,-47
DE,3/23/2020,-31
DC,3/23/2020,-59
FL,3/23/2020,-37
GA,3/23/2020,-35
HI,3/23/2020,-38
ID,3/23/2020,-24
IL,3/23/2020,-50
IN,3/23/2020,-30
IA,3/23/2020,-39
KS,3/23/2020,-28
KY,3/23/2020,-30
LA,3/23/2020,-35
ME,3/23/2020,-37
MD,3/23/2020,-35
MA,3/23/2020,-40
MI,3/23/2020,-34
MN,3/23/2020,-39
MS,3/23/2020,-26
MO,3/23/2020,-33
MT,3/23/2020,-32
NE,3/23/2020,-30
NV,3/23/2020,-41
NH,3/23/2020,-38
NJ,3/23/2020,-56
NM,3/23/2020,-26
NY,3/23/2020,-62
NC,3/23/2020,-32
ND,3/23/2020,-37
OH,3/23/2020,-33
OK,3/23/2020,-28
OR,3/23/2020,-38
PA,3/23/2020,-50
RI,3/23/2020,-42
SC,3/23/2020,-34
SD,3/23/2020,-23
TN,3/23/2020,-32
TX,3/23/2020,-31
UT,3/23/2020,-31
VT,3/23/2020,-44
VA,3/23/2020,-34
WA,3/23/2020,-36
WV,3/23/2020,-34
WI,3/23/2020,-36
WY,3/23/2020,-28
AL,3/24/2020,-32
AK,3/24/2020,-37
AZ,3/24/2020,-32
AR,3/24/2020,-30
CA,3/24/2020,-42
CO,3/24/2020,-35
CT,3/24/2020,-43
DE,3/24/2020,-42
DC,3/24/2020,-55
FL,3/24/2020,-38
GA,3/24/2020,-35
HI,3/24/2020,-45
ID,3/24/2020,-26
IL,3/24/2020,-47
IN,3/24/2020,-34
IA,3/24/2020,-41
KS,3/24/2020,-36
KY,3/24/2020,-39
LA,3/24/2020,-43
ME,3/24/2020,-43
MD,3/24/2020,-38
MA,3/24/2020,-49
MI,3/24/2020,-59
MN,3/24/2020,-41
MS,3/24/2020,-28
MO,3/24/2020,-44
MT,3/24/2020,-35
NE,3/24/2020,-32
NV,3/24/2020,-40
NH,3/24/2020,-42
NJ,3/24/2020,-46
NM,3/24/2020,-39
NY,3/24/2020,-53
NC,3/24/2020,-31
ND,3/24/2020,-41
OH,3/24/2020,-51
OK,3/24/2020,-25
OR,3/24/2020,-47
PA,3/24/2020,-45
RI,3/24/2020,-40
SC,3/24/2020,-36
SD,3/24/2020,-28
TN,3/24/2020,-39
TX,3/24/2020,-30
UT,3/24/2020,-33
VT,3/24/2020,-46
VA,3/24/2020,-31
WA,3/24/2020,-41
WV,3/24/2020,-36
WI,3/24/2020,-47
WY,3/24/2020,-31
AL,3/25/2020,-28
AK,3/25/2020,-40
AZ,3/25/2020,-33
AR,3/25/2020,-25
CA,3/25/2020,-42
CO,3/25/2020,-35
CT,3/25/2020,-46
DE,3/25/2020,-47
DC,3/25/2020,-61
FL,3/25/2020,-38
GA,3/25/2020,-33
HI,3/25/2020,-50
ID,3/25/2020,-27
IL,3/25/2020,-43
IN,3/25/2020,-45
IA,3/25/2020,-39
KS,3/25/2020,-34
KY,3/25/2020,-33
LA,3/25/2020,-39
ME,3/25/2020,-40
MD,3/25/2020,-44
MA,3/25/2020,-52
MI,3/25/2020,-53
MN,3/25/2020,-37
MS,3/25/2020,-24
MO,3/25/2020,-33
MT,3/25/2020,-37
NE,3/25/2020,-30
NV,3/25/2020,-41
NH,3/25/2020,-38
NJ,3/25/2020,-51
NM,3/25/2020,-41
NY,3/25/2020,-56
NC,3/25/2020,-28
ND,3/25/2020,-39
OH,3/25/2020,-43
OK,3/25/2020,-21
OR,3/25/2020,-45
PA,3/25/2020,-49
RI,3/25/2020,-43
SC,3/25/2020,-30
SD,3/25/2020,-35
TN,3/25/2020,-33
TX,3/25/2020,-39
UT,3/25/2020,-34
VT,3/25/2020,-39
VA,3/25/2020,-39
WA,3/25/2020,-44
WV,3/25/2020,-46
WI,3/25/2020,-52
WY,3/25/2020,-35
AL,3/26/2020,-30
AK,3/26/2020,-40
AZ,3/26/2020,-34
AR,3/26/2020,-24
CA,3/26/2020,-42
CO,3/26/2020,-50
CT,3/26/2020,-41
DE,3/26/2020,-38
DC,3/26/2020,-58
FL,3/26/2020,-40
GA,3/26/2020,-34
HI,3/26/2020,-51
ID,3/26/2020,-40
IL,3/26/2020,-47
IN,3/26/2020,-43
IA,3/26/2020,-40
KS,3/26/2020,-40
KY,3/26/2020,-33
LA,3/26/2020,-39
ME,3/26/2020,-40
MD,3/26/2020,-36
MA,3/26/2020,-47
MI,3/26/2020,-56
MN,3/26/2020,-37
MS,3/26/2020,-26
MO,3/26/2020,-39
MT,3/26/2020,-33
NE,3/26/2020,-34
NV,3/26/2020,-42
NH,3/26/2020,-34
NJ,3/26/2020,-46
NM,3/26/2020,-41
NY,3/26/2020,-52
NC,3/26/2020,-35
ND,3/26/2020,-38
OH,3/26/2020,-42
OK,3/26/2020,-29
OR,3/26/2020,-46
PA,3/26/2020,-44
RI,3/26/2020,-38
SC,3/26/2020,-31
SD,3/26/2020,-37
TN,3/26/2020,-31
TX,3/26/2020,-38
UT,3/26/2020,-36
VT,3/26/2020,-53
VA,3/26/2020,-35
WA,3/26/2020,-49
WV,3/26/2020,-40
WI,3/26/2020,-51
WY,3/26/2020,-36
AL,3/27/2020,-30
AK,3/27/2020,-42
AZ,3/27/2020,-38
AR,3/27/2020,-28
CA,3/27/2020,-44
CO,3/27/2020,-53
CT,3/27/2020,-42
DE,3/27/2020,-40
DC,3/27/2020,-59
FL,3/27/2020,-44
GA,3/27/2020,-35
HI,3/27/2020,-52
ID,3/27/2020,-43
IL,3/27/2020,-48
IN,3/27/2020,-45
IA,3/27/2020,-40
KS,3/27/2020,-37
KY,3/27/2020,-36
LA,3/27/2020,-42
ME,3/27/2020,-44
MD,3/27/2020,-39
MA,3/27/2020,-48
MI,3/27/2020,-58
MN,3/27/2020,-40
MS,3/27/2020,-29
MO,3/27/2020,-37
MT,3/27/2020,-35
NE,3/27/2020,-34
NV,3/27/2020,-43
NH,3/27/2020,-37
NJ,3/27/2020,-48
NM,3/27/2020,-43
NY,3/27/2020,-54
NC,3/27/2020,-35
ND,3/27/2020,-40
OH,3/27/2020,-46
OK,3/27/2020,-34
OR,3/27/2020,-50
PA,3/27/2020,-46
RI,3/27/2020,-39
SC,3/27/2020,-32
SD,3/27/2020,-36
TN,3/27/2020,-34
TX,3/27/2020,-41
UT,3/27/2020,-38
VT,3/27/2020,-53
VA,3/27/2020,-37
WA,3/27/2020,-51
WV,3/27/2020,-43
WI,3/27/2020,-51
WY,3/27/2020,-42
AL,3/28/2020,-36
AK,3/28/2020,-47
AZ,3/28/2020,-41
AR,3/28/2020,-39
CA,3/28/2020,-50
CO,3/28/2020,-56
CT,3/28/2020,-48
DE,3/28/2020,-51
DC,3/28/2020,-68
FL,3/28/2020,-49
GA,3/28/2020,-39
HI,3/28/2020,-56
ID,3/28/2020,-47
IL,3/28/2020,-53
IN,3/28/2020,-49
IA,3/28/2020,-48
KS,3/28/2020,-45
KY,3/28/2020,-38
LA,3/28/2020,-47
ME,3/28/2020,-46
MD,3/28/2020,-48
MA,3/28/2020,-52
MI,3/28/2020,-63
MN,3/28/2020,-65
MS,3/28/2020,-34
MO,3/28/2020,-46
MT,3/28/2020,-59
NE,3/28/2020,-44
NV,3/28/2020,-47
NH,3/28/2020,-51
NJ,3/28/2020,-59
NM,3/28/2020,-47
NY,3/28/2020,-61
NC,3/28/2020,-40
ND,3/28/2020,-48
OH,3/28/2020,-50
OK,3/28/2020,-37
OR,3/28/2020,-55
PA,3/28/2020,-58
RI,3/28/2020,-46
SC,3/28/2020,-35
SD,3/28/2020,-49
TN,3/28/2020,-38
TX,3/28/2020,-47
UT,3/28/2020,-46
VT,3/28/2020,-59
VA,3/28/2020,-42
WA,3/28/2020,-55
WV,3/28/2020,-42
WI,3/28/2020,-58
WY,3/28/2020,-44
AL,3/29/2020,-41
AK,3/29/2020,-48
AZ,3/29/2020,-40
AR,3/29/2020,-29
CA,3/29/2020,-50
CO,3/29/2020,-51
CT,3/29/2020,-56
DE,3/29/2020,-47
DC,3/29/2020,-64
FL,3/29/2020,-50
GA,3/29/2020,-42
HI,3/29/2020,-56
ID,3/29/2020,-42
IL,3/29/2020,-53
IN,3/29/2020,-48
IA,3/29/2020,-43
KS,3/29/2020,-36
KY,3/29/2020,-37
LA,3/29/2020,-45
ME,3/29/2020,-50
MD,3/29/2020,-45
MA,3/29/2020,-59
MI,3/29/2020,-58
MN,3/29/2020,-58
MS,3/29/2020,-32
MO,3/29/2020,-38
MT,3/29/2020,-51
NE,3/29/2020,-34
NV,3/29/2020,-47
NH,3/29/2020,-58
NJ,3/29/2020,-59
NM,3/29/2020,-44
NY,3/29/2020,-62
NC,3/29/2020,-40
ND,3/29/2020,-44
OH,3/29/2020,-43
OK,3/29/2020,-36
OR,3/29/2020,-51
PA,3/29/2020,-50
RI,3/29/2020,-55
SC,3/29/2020,-38
SD,3/29/2020,-35
TN,3/29/2020,-35
TX,3/29/2020,-45
UT,3/29/2020,-41
VT,3/29/2020,-62
VA,3/29/2020,-39
WA,3/29/2020,-48
WV,3/29/2020,-38
WI,3/29/2020,-55
WY,3/29/2020,-37
AL,3/30/2020,-33
AK,3/30/2020,-40
AZ,3/30/2020,-30
AR,3/30/2020,-31
CA,3/30/2020,-40
CO,3/30/2020,-44
CT,3/30/2020,-43
DE,3/30/2020,-37
DC,3/30/2020,-57
FL,3/30/2020,-42
GA,3/30/2020,-34
HI,3/30/2020,-49
ID,3/30/2020,-38
IL,3/30/2020,-43
IN,3/30/2020,-38
IA,3/30/2020,-34
KS,3/30/2020,-41
KY,3/30/2020,-33
LA,3/30/2020,-40
ME,3/30/2020,-46
MD,3/30/2020,-26
MA,3/30/2020,-49
MI,3/30/2020,-54
MN,3/30/2020,-44
MS,3/30/2020,-26
MO,3/30/2020,-36
MT,3/30/2020,-42
NE,3/30/2020,-30
NV,3/30/2020,-40
NH,3/30/2020,-43
NJ,3/30/2020,-49
NM,3/30/2020,-37
NY,3/30/2020,-55
NC,3/30/2020,-34
ND,3/30/2020,-37
OH,3/30/2020,-41
OK,3/30/2020,-37
OR,3/30/2020,-44
PA,3/30/2020,-45
RI,3/30/2020,-45
SC,3/30/2020,-30
SD,3/30/2020,-31
TN,3/30/2020,-31
TX,3/30/2020,-41
UT,3/30/2020,-36
VT,3/30/2020,-51
VA,3/30/2020,-32
WA,3/30/2020,-45
WV,3/30/2020,-34
WI,3/30/2020,-45
WY,3/30/2020,-31
AL,3/31/2020,-36
AK,3/31/2020,-37
AZ,3/31/2020,-33
AR,3/31/2020,-26
CA,3/31/2020,-40
CO,3/31/2020,-40
CT,3/31/2020,-42
DE,3/31/2020,-39
DC,3/31/2020,-61
FL,3/31/2020,-42
GA,3/31/2020,-37
HI,3/31/2020,-48
ID,3/31/2020,-38
IL,3/31/2020,-44
IN,3/31/2020,-41
IA,3/31/2020,-37
KS,3/31/2020,-35
KY,3/31/2020,-37
LA,3/31/2020,-37
ME,3/31/2020,-38
MD,3/31/2020,-48
MA,3/31/2020,-46
MI,3/31/2020,-53
MN,3/31/2020,-42
MS,3/31/2020,-26
MO,3/31/2020,-34
MT,3/31/2020,-45
NE,3/31/2020,-29
NV,3/31/2020,-37
NH,3/31/2020,-39
NJ,3/31/2020,-49
NM,3/31/2020,-34
NY,3/31/2020,-55
NC,3/31/2020,-40
ND,3/31/2020,-40
OH,3/31/2020,-41
OK,3/31/2020,-29
OR,3/31/2020,-41
PA,3/31/2020,-45
RI,3/31/2020,-41
SC,3/31/2020,-32
SD,3/31/2020,-32
TN,3/31/2020,-36
TX,3/31/2020,-35
UT,3/31/2020,-34
VT,3/31/2020,-47
VA,3/31/2020,-40
WA,3/31/2020,-42
WV,3/31/2020,-37
WI,3/31/2020,-47
WY,3/31/2020,-31
AL,4/1/2020,-25
AK,4/1/2020,-35
AZ,4/1/2020,-38
AR,4/1/2020,-19
CA,4/1/2020,-39
CO,4/1/2020,-41
CT,4/1/2020,-40
DE,4/1/2020,-36
DC,4/1/2020,-58
FL,4/1/2020,-37
GA,4/1/2020,-30
HI,4/1/2020,-48
ID,4/1/2020,-35
IL,4/1/2020,-41
IN,4/1/2020,-37
IA,4/1/2020,-34
KS,4/1/2020,-33
KY,4/1/2020,-32
LA,4/1/2020,-32
ME,4/1/2020,-33
MD,4/1/2020,-43
MA,4/1/2020,-46
MI,4/1/2020,-50
MN,4/1/2020,-41
MS,4/1/2020,-15
MO,4/1/2020,-27
MT,4/1/2020,-47
NE,4/1/2020,-27
NV,4/1/2020,-37
NH,4/1/2020,-39
NJ,4/1/2020,-47
NM,4/1/2020,-33
NY,4/1/2020,-52
NC,4/1/2020,-38
ND,4/1/2020,-41
OH,4/1/2020,-37
OK,4/1/2020,-22
OR,4/1/2020,-39
PA,4/1/2020,-43
RI,4/1/2020,-41
SC,4/1/2020,-30
SD,4/1/2020,-32
TN,4/1/2020,-31
TX,4/1/2020,-33
UT,4/1/2020,-34
VT,4/1/2020,-47
VA,4/1/2020,-38
WA,4/1/2020,-40
WV,4/1/2020,-34
WI,4/1/2020,-43
WY,4/1/2020,-33
AL,4/2/2020,-32
AK,4/2/2020,-42
AZ,4/2/2020,-38
AR,4/2/2020,-24
CA,4/2/2020,-41
CO,4/2/2020,-48
CT,4/2/2020,-44
DE,4/2/2020,-37
DC,4/2/2020,-61
FL,4/2/2020,-39
GA,4/2/2020,-29
HI,4/2/2020,-50
ID,4/2/2020,-38
IL,4/2/2020,-42
IN,4/2/2020,-36
IA,4/2/2020,-39
KS,4/2/2020,-41
KY,4/2/2020,-33
LA,4/2/2020,-38
ME,4/2/2020,-56
MD,4/2/2020,-42
MA,4/2/2020,-50
MI,4/2/2020,-49
MN,4/2/2020,-46
MS,4/2/2020,-21
MO,4/2/2020,-36
MT,4/2/2020,-45
NE,4/2/2020,-40
NV,4/2/2020,-40
NH,4/2/2020,-44
NJ,4/2/2020,-51
NM,4/2/2020,-34
NY,4/2/2020,-54
NC,4/2/2020,-37
ND,4/2/2020,-55
OH,4/2/2020,-37
OK,4/2/2020,-30
OR,4/2/2020,-42
PA,4/2/2020,-45
RI,4/2/2020,-44
SC,4/2/2020,-33
SD,4/2/2020,-50
TN,4/2/2020,-33
TX,4/2/2020,-39
UT,4/2/2020,-37
VT,4/2/2020,-54
VA,4/2/2020,-38
WA,4/2/2020,-44
WV,4/2/2020,-35
WI,4/2/2020,-44
WY,4/2/2020,-44
AL,4/3/2020,-29
AK,4/3/2020,-42
AZ,4/3/2020,-38
AR,4/3/2020,-28
CA,4/3/2020,-42
CO,4/3/2020,-47
CT,4/3/2020,-46
DE,4/3/2020,-40
DC,4/3/2020,-60
FL,4/3/2020,-47
GA,4/3/2020,-37
HI,4/3/2020,-49
ID,4/3/2020,-39
IL,4/3/2020,-43
IN,4/3/2020,-36
IA,4/3/2020,-41
KS,4/3/2020,-42
KY,4/3/2020,-32
LA,4/3/2020,-39
ME,4/3/2020,-53
MD,4/3/2020,-41
MA,4/3/2020,-54
MI,4/3/2020,-52
MN,4/3/2020,-50
MS,4/3/2020,-28
MO,4/3/2020,-36
MT,4/3/2020,-44
NE,4/3/2020,-40
NV,4/3/2020,-41
NH,4/3/2020,-47
NJ,4/3/2020,-62
NM,4/3/2020,-35
NY,4/3/2020,-57
NC,4/3/2020,-34
ND,4/3/2020,-49
OH,4/3/2020,-38
OK,4/3/2020,-37
OR,4/3/2020,-44
PA,4/3/2020,-46
RI,4/3/2020,-49
SC,4/3/2020,-32
SD,4/3/2020,-41
TN,4/3/2020,-37
TX,4/3/2020,-41
UT,4/3/2020,-38
VT,4/3/2020,-54
VA,4/3/2020,-38
WA,4/3/2020,-45
WV,4/3/2020,-35
WI,4/3/2020,-46
WY,4/3/2020,-37
AL,4/4/2020,-41
AK,4/4/2020,-47
AZ,4/4/2020,-44
AR,4/4/2020,-42
CA,4/4/2020,-50
CO,4/4/2020,-50
CT,4/4/2020,-47
DE,4/4/2020,-47
DC,4/4/2020,-67
FL,4/4/2020,-53
GA,4/4/2020,-50
HI,4/4/2020,-55
ID,4/4/2020,-46
IL,4/4/2020,-51
IN,4/4/2020,-45
IA,4/4/2020,-45
KS,4/4/2020,-50
KY,4/4/2020,-39
LA,4/4/2020,-50
ME,4/4/2020,-54
MD,4/4/2020,-47
MA,4/4/2020,-53
MI,4/4/2020,-60
MN,4/4/2020,-51
MS,4/4/2020,-47
MO,4/4/2020,-48
MT,4/4/2020,-49
NE,4/4/2020,-43
NV,4/4/2020,-48
NH,4/4/2020,-48
NJ,4/4/2020,-64
NM,4/4/2020,-44
NY,4/4/2020,-58
NC,4/4/2020,-41
ND,4/4/2020,-53
OH,4/4/2020,-43
OK,4/4/2020,-46
OR,4/4/2020,-51
PA,4/4/2020,-53
RI,4/4/2020,-50
SC,4/4/2020,-40
SD,4/4/2020,-45
TN,4/4/2020,-45
TX,4/4/2020,-52
UT,4/4/2020,-49
VT,4/4/2020,-58
VA,4/4/2020,-45
WA,4/4/2020,-50
WV,4/4/2020,-40
WI,4/4/2020,-51
WY,4/4/2020,-42
AL,4/5/2020,-50
AK,4/5/2020,-41
AZ,4/5/2020,-43
AR,4/5/2020,-36
CA,4/5/2020,-53
CO,4/5/2020,-47
CT,4/5/2020,-50
DE,4/5/2020,-47
DC,4/5/2020,-66
FL,4/5/2020,-57
GA,4/5/2020,-50
HI,4/5/2020,-55
ID,4/5/2020,-40
IL,4/5/2020,-50
IN,4/5/2020,-45
IA,4/5/2020,-39
KS,4/5/2020,-43
KY,4/5/2020,-39
LA,4/5/2020,-46
ME,4/5/2020,-50
MD,4/5/2020,-47
MA,4/5/2020,-53
MI,4/5/2020,-55
MN,4/5/2020,-46
MS,4/5/2020,-43
MO,4/5/2020,-43
MT,4/5/2020,-45
NE,4/5/2020,-40
NV,4/5/2020,-49
NH,4/5/2020,-48
NJ,4/5/2020,-66
NM,4/5/2020,-41
NY,4/5/2020,-59
NC,4/5/2020,-43
ND,4/5/2020,-50
OH,4/5/2020,-46
OK,4/5/2020,-41
OR,4/5/2020,-46
PA,4/5/2020,-50
RI,4/5/2020,-50
SC,4/5/2020,-42
SD,4/5/2020,-38
TN,4/5/2020,-43
TX,4/5/2020,-48
UT,4/5/2020,-42
VT,4/5/2020,-58
VA,4/5/2020,-44
WA,4/5/2020,-46
WV,4/5/2020,-40
WI,4/5/2020,-47
WY,4/5/2020,-39
AL,4/6/2020,-37
AK,4/6/2020,-37
AZ,4/6/2020,-38
AR,4/6/2020,-29
CA,4/6/2020,-46
CO,4/6/2020,-41
CT,4/6/2020,-39
DE,4/6/2020,-37
DC,4/6/2020,-60
FL,4/6/2020,-47
GA,4/6/2020,-40
HI,4/6/2020,-51
ID,4/6/2020,-34
IL,4/6/2020,-44
IN,4/6/2020,-36
IA,4/6/2020,-39
KS,4/6/2020,-40
KY,4/6/2020,-33
LA,4/6/2020,-40
ME,4/6/2020,-42
MD,4/6/2020,-40
MA,4/6/2020,-44
MI,4/6/2020,-51
MN,4/6/2020,-43
MS,4/6/2020,-32
MO,4/6/2020,-43
MT,4/6/2020,-37
NE,4/6/2020,-33
NV,4/6/2020,-43
NH,4/6/2020,-36
NJ,4/6/2020,-58
NM,4/6/2020,-34
NY,4/6/2020,-53
NC,4/6/2020,-36
ND,4/6/2020,-40
OH,4/6/2020,-37
OK,4/6/2020,-33
OR,4/6/2020,-40
PA,4/6/2020,-43
RI,4/6/2020,-39
SC,4/6/2020,-33
SD,4/6/2020,-32
TN,4/6/2020,-35
TX,4/6/2020,-41
UT,4/6/2020,-37
VT,4/6/2020,-46
VA,4/6/2020,-38
WA,4/6/2020,-40
WV,4/6/2020,-35
WI,4/6/2020,-45
WY,4/6/2020,-32
AL,4/7/2020,-39
AK,4/7/2020,-38
AZ,4/7/2020,-38
AR,4/7/2020,-30
CA,4/7/2020,-47
CO,4/7/2020,-41
CT,4/7/2020,-41
DE,4/7/2020,-39
DC,4/7/2020,-63
FL,4/7/2020,-46
GA,4/7/2020,-40
HI,4/7/2020,-50
ID,4/7/2020,-33
IL,4/7/2020,-41
IN,4/7/2020,-35
IA,4/7/2020,-38
KS,4/7/2020,-35
KY,4/7/2020,-33
LA,4/7/2020,-41
ME,4/7/2020,-43
MD,4/7/2020,-41
MA,4/7/2020,-46
MI,4/7/2020,-54
MN,4/7/2020,-41
MS,4/7/2020,-35
MO,4/7/2020,-39
MT,4/7/2020,-38
NE,4/7/2020,-31
NV,4/7/2020,-42
NH,4/7/2020,-38
NJ,4/7/2020,-57
NM,4/7/2020,-36
NY,4/7/2020,-60
NC,4/7/2020,-36
ND,4/7/2020,-40
OH,4/7/2020,-41
OK,4/7/2020,-31
OR,4/7/2020,-39
PA,4/7/2020,-44
RI,4/7/2020,-40
SC,4/7/2020,-36
SD,4/7/2020,-31
TN,4/7/2020,-36
TX,4/7/2020,-38
UT,4/7/2020,-35
VT,4/7/2020,-48
VA,4/7/2020,-37
WA,4/7/2020,-40
WV,4/7/2020,-36
WI,4/7/2020,-42
WY,4/7/2020,-32
AL,4/8/2020,-36
AK,4/8/2020,-38
AZ,4/8/2020,-39
AR,4/8/2020,-25
CA,4/8/2020,-47
CO,4/8/2020,-41
CT,4/8/2020,-46
DE,4/8/2020,-38
DC,4/8/2020,-62
FL,4/8/2020,-46
GA,4/8/2020,-39
HI,4/8/2020,-52
ID,4/8/2020,-32
IL,4/8/2020,-44
IN,4/8/2020,-35
IA,4/8/2020,-39
KS,4/8/2020,-33
KY,4/8/2020,-34
LA,4/8/2020,-39
ME,4/8/2020,-41
MD,4/8/2020,-40
MA,4/8/2020,-51
MI,4/8/2020,-49
MN,4/8/2020,-42
MS,4/8/2020,-31
MO,4/8/2020,-33
MT,4/8/2020,-37
NE,4/8/2020,-33
NV,4/8/2020,-43
NH,4/8/2020,-40
NJ,4/8/2020,-58
NM,4/8/2020,-37
NY,4/8/2020,-62
NC,4/8/2020,-36
ND,4/8/2020,-42
OH,4/8/2020,-36
OK,4/8/2020,-27
OR,4/8/2020,-38
PA,4/8/2020,-44
RI,4/8/2020,-46
SC,4/8/2020,-41
SD,4/8/2020,-37
TN,4/8/2020,-35
TX,4/8/2020,-38
UT,4/8/2020,-33
VT,4/8/2020,-50
VA,4/8/2020,-38
WA,4/8/2020,-40
WV,4/8/2020,-38
WI,4/8/2020,-47
WY,4/8/2020,-32
AL,4/9/2020,-35
AK,4/9/2020,-38
AZ,4/9/2020,-37
AR,4/9/2020,-25
CA,4/9/2020,-49
CO,4/9/2020,-42
CT,4/9/2020,-48
DE,4/9/2020,-39
DC,4/9/2020,-64
FL,4/9/2020,-46
GA,4/9/2020,-37
HI,4/9/2020,-50
ID,4/9/2020,-32
IL,4/9/2020,-44
IN,4/9/2020,-37
IA,4/9/2020,-42
KS,4/9/2020,-38
KY,4/9/2020,-35
LA,4/9/2020,-38
ME,4/9/2020,-51
MD,4/9/2020,-42
MA,4/9/2020,-54
MI,4/9/2020,-53
MN,4/9/2020,-45
MS,4/9/2020,-30
MO,4/9/2020,-39
MT,4/9/2020,-35
NE,4/9/2020,-36
NV,4/9/2020,-43
NH,4/9/2020,-47
NJ,4/9/2020,-61
NM,4/9/2020,-36
NY,4/9/2020,-65
NC,4/9/2020,-35
ND,4/9/2020,-40
OH,4/9/2020,-39
OK,4/9/2020,-29
OR,4/9/2020,-39
PA,4/9/2020,-46
RI,4/9/2020,-49
SC,4/9/2020,-38
SD,4/9/2020,-38
TN,4/9/2020,-33
TX,4/9/2020,-39
UT,4/9/2020,-34
VT,4/9/2020,-55
VA,4/9/2020,-38
WA,4/9/2020,-40
WV,4/9/2020,-37
WI,4/9/2020,-46
WY,4/9/2020,-32
AL,4/10/2020,-34
AK,4/10/2020,-40
AZ,4/10/2020,-38
AR,4/10/2020,-25
CA,4/10/2020,-47
CO,4/10/2020,-43
CT,4/10/2020,-45
DE,4/10/2020,-42
DC,4/10/2020,-65
FL,4/10/2020,-47
GA,4/10/2020,-37
HI,4/10/2020,-52
ID,4/10/2020,-35
IL,4/10/2020,-44
IN,4/10/2020,-39
IA,4/10/2020,-36
KS,4/10/2020,-33
KY,4/10/2020,-36
LA,4/10/2020,-44
ME,4/10/2020,-47
MD,4/10/2020,-43
MA,4/10/2020,-50
MI,4/10/2020,-57
MN,4/10/2020,-41
MS,4/10/2020,-32
MO,4/10/2020,-34
MT,4/10/2020,-38
NE,4/10/2020,-34
NV,4/10/2020,-44
NH,4/10/2020,-43
NJ,4/10/2020,-62
NM,4/10/2020,-39
NY,4/10/2020,-65
NC,4/10/2020,-36
ND,4/10/2020,-40
OH,4/10/2020,-41
OK,4/10/2020,-30
OR,4/10/2020,-41
PA,4/10/2020,-49
RI,4/10/2020,-44
SC,4/10/2020,-37
SD,4/10/2020,-33
TN,4/10/2020,-36
TX,4/10/2020,-39
UT,4/10/2020,-37
VT,4/10/2020,-55
VA,4/10/2020,-39
WA,4/10/2020,-42
WV,4/10/2020,-42
WI,4/10/2020,-46
WY,4/10/2020,-33
AL,4/11/2020,-39
AK,4/11/2020,-41
AZ,4/11/2020,-43
AR,4/11/2020,-35
CA,4/11/2020,-48
CO,4/11/2020,-46
CT,4/11/2020,-44
DE,4/11/2020,-41
DC,4/11/2020,-69
FL,4/11/2020,-49
GA,4/11/2020,-40
HI,4/11/2020,-55
ID,4/11/2020,-40
IL,4/11/2020,-46
IN,4/11/2020,-40
IA,4/11/2020,-44
KS,4/11/2020,-41
KY,4/11/2020,-39
LA,4/11/2020,-45
ME,4/11/2020,-43
MD,4/11/2020,-43
MA,4/11/2020,-49
MI,4/11/2020,-58
MN,4/11/2020,-44
MS,4/11/2020,-35
MO,4/11/2020,-44
MT,4/11/2020,-55
NE,4/11/2020,-39
NV,4/11/2020,-45
NH,4/11/2020,-42
NJ,4/11/2020,-61
NM,4/11/2020,-46
NY,4/11/2020,-62
NC,4/11/2020,-40
ND,4/11/2020,-48
OH,4/11/2020,-41
OK,4/11/2020,-38
OR,4/11/2020,-45
PA,4/11/2020,-47
RI,4/11/2020,-45
SC,4/11/2020,-41
SD,4/11/2020,-47
TN,4/11/2020,-40
TX,4/11/2020,-45
UT,4/11/2020,-42
VT,4/11/2020,-54
VA,4/11/2020,-40
WA,4/11/2020,-47
WV,4/11/2020,-38
WI,4/11/2020,-47
WY,4/11/2020,-41
AL,4/12/2020,-64
AK,4/12/2020,-55
AZ,4/12/2020,-57
AR,4/12/2020,-53
CA,4/12/2020,-62
CO,4/12/2020,-69
CT,4/12/2020,-65
DE,4/12/2020,-65
DC,4/12/2020,-72
FL,4/12/2020,-66
GA,4/12/2020,-63
HI,4/12/2020,-67
ID,4/12/2020,-51
IL,4/12/2020,-64
IN,4/12/2020,-62
IA,4/12/2020,-67
KS,4/12/2020,-61
KY,4/12/2020,-60
LA,4/12/2020,-64
ME,4/12/2020,-73
MD,4/12/2020,-60
MA,4/12/2020,-67
MI,4/12/2020,-74
MN,4/12/2020,-77
MS,4/12/2020,-63
MO,4/12/2020,-62
MT,4/12/2020,-67
NE,4/12/2020,-69
NV,4/12/2020,-61
NH,4/12/2020,-65
NJ,4/12/2020,-76
NM,4/12/2020,-60
NY,4/12/2020,-75
NC,4/12/2020,-61
ND,4/12/2020,-69
OH,4/12/2020,-65
OK,4/12/2020,-54
OR,4/12/2020,-56
PA,4/12/2020,-70
RI,4/12/2020,-63
SC,4/12/2020,-64
SD,4/12/2020,-73
TN,4/12/2020,-65
TX,4/12/2020,-57
UT,4/12/2020,-54
VT,4/12/2020,-75
VA,4/12/2020,-59
WA,4/12/2020,-56
WV,4/12/2020,-62
WI,4/12/2020,-70
WY,4/12/2020,-64
AL,4/13/2020,-31
AK,4/13/2020,-36
AZ,4/13/2020,-39
AR,4/13/2020,-26
CA,4/13/2020,-45
CO,4/13/2020,-53
CT,4/13/2020,-57
DE,4/13/2020,-50
DC,4/13/2020,-67
FL,4/13/2020,-47
GA,4/13/2020,-38
HI,4/13/2020,-55
ID,4/13/2020,-33
IL,4/13/2020,-46
IN,4/13/2020,-39
IA,4/13/2020,-40
KS,4/13/2020,-40
KY,4/13/2020,-37
LA,4/13/2020,-38
ME,4/13/2020,-45
MD,4/13/2020,-49
MA,4/13/2020,-58
MI,4/13/2020,-57
MN,4/13/2020,-45
MS,4/13/2020,-27
MO,4/13/2020,-39
MT,4/13/2020,-38
NE,4/13/2020,-35
NV,4/13/2020,-46
NH,4/13/2020,-46
NJ,4/13/2020,-70
NM,4/13/2020,-44
NY,4/13/2020,-70
NC,4/13/2020,-39
ND,4/13/2020,-44
OH,4/13/2020,-43
OK,4/13/2020,-34
OR,4/13/2020,-38
PA,4/13/2020,-53
RI,4/13/2020,-56
SC,4/13/2020,-36
SD,4/13/2020,-41
TN,4/13/2020,-33
TX,4/13/2020,-38
UT,4/13/2020,-38
VT,4/13/2020,-53
VA,4/13/2020,-44
WA,4/13/2020,-40
WV,4/13/2020,-39
WI,4/13/2020,-47
WY,4/13/2020,-39
AL,4/14/2020,-30
AK,4/14/2020,-32
AZ,4/14/2020,-37
AR,4/14/2020,-25
CA,4/14/2020,-43
CO,4/14/2020,-45
CT,4/14/2020,-39
DE,4/14/2020,-36
DC,4/14/2020,-62
FL,4/14/2020,-46
GA,4/14/2020,-34
HI,4/14/2020,-54
ID,4/14/2020,-32
IL,4/14/2020,-45
IN,4/14/2020,-37
IA,4/14/2020,-41
KS,4/14/2020,-37
KY,4/14/2020,-34
LA,4/14/2020,-35
ME,4/14/2020,-36
MD,4/14/2020,-39
MA,4/14/2020,-45
MI,4/14/2020,-53
MN,4/14/2020,-45
MS,4/14/2020,-24
MO,4/14/2020,-37
MT,4/14/2020,-38
NE,4/14/2020,-36
NV,4/14/2020,-44
NH,4/14/2020,-35
NJ,4/14/2020,-58
NM,4/14/2020,-37
NY,4/14/2020,-60
NC,4/14/2020,-33
ND,4/14/2020,-44
OH,4/14/2020,-38
OK,4/14/2020,-33
OR,4/14/2020,-36
PA,4/14/2020,-43
RI,4/14/2020,-35
SC,4/14/2020,-29
SD,4/14/2020,-40
TN,4/14/2020,-31
TX,4/14/2020,-36
UT,4/14/2020,-32
VT,4/14/2020,-48
VA,4/14/2020,-36
WA,4/14/2020,-39
WV,4/14/2020,-34
WI,4/14/2020,-46
WY,4/14/2020,-36
AL,4/15/2020,-19
AK,4/15/2020,-25
AZ,4/15/2020,-31
AR,4/15/2020,-10
CA,4/15/2020,-45
CO,4/15/2020,-38
CT,4/15/2020,-36
DE,4/15/2020,-34
DC,4/15/2020,-61
FL,4/15/2020,-42
GA,4/15/2020,-27
HI,4/15/2020,-51
ID,4/15/2020,-25
IL,4/15/2020,-41
IN,4/15/2020,-30
IA,4/15/2020,-32
KS,4/15/2020,-26
KY,4/15/2020,-24
LA,4/15/2020,-25
ME,4/15/2020,-33
MD,4/15/2020,-37
MA,4/15/2020,-45
MI,4/15/2020,-48
MN,4/15/2020,-38
MS,4/15/2020,-12
MO,4/15/2020,-22
MT,4/15/2020,-35
NE,4/15/2020,-25
NV,4/15/2020,-38
NH,4/15/2020,-31
NJ,4/15/2020,-56
NM,4/15/2020,-28
NY,4/15/2020,-59
NC,4/15/2020,-28
ND,4/15/2020,-33
OH,4/15/2020,-31
OK,4/15/2020,-15
OR,4/15/2020,-32
PA,4/15/2020,-38
RI,4/15/2020,-36
SC,4/15/2020,-25
SD,4/15/2020,-32
TN,4/15/2020,-21
TX,4/15/2020,-29
UT,4/15/2020,-31
VT,4/15/2020,-42
VA,4/15/2020,-33
WA,4/15/2020,-34
WV,4/15/2020,-24
WI,4/15/2020,-39
WY,4/15/2020,-29
AL,4/16/2020,-26
AK,4/16/2020,-29
AZ,4/16/2020,-33
AR,4/16/2020,-15
CA,4/16/2020,-54
CO,4/16/2020,-53
CT,4/16/2020,-40
DE,4/16/2020,-36
DC,4/16/2020,-64
FL,4/16/2020,-44
GA,4/16/2020,-30
HI,4/16/2020,-51
ID,4/16/2020,-26
IL,4/16/2020,-40
IN,4/16/2020,-31
IA,4/16/2020,-37
KS,4/16/2020,-36
KY,4/16/2020,-28
LA,4/16/2020,-30
ME,4/16/2020,-37
MD,4/16/2020,-38
MA,4/16/2020,-47
MI,4/16/2020,-48
MN,4/16/2020,-40
MS,4/16/2020,-19
MO,4/16/2020,-32
MT,4/16/2020,-35
NE,4/16/2020,-43
NV,4/16/2020,-40
NH,4/16/2020,-36
NJ,4/16/2020,-58
NM,4/16/2020,-31
NY,4/16/2020,-61
NC,4/16/2020,-29
ND,4/16/2020,-35
OH,4/16/2020,-33
OK,4/16/2020,-20
OR,4/16/2020,-34
PA,4/16/2020,-42
RI,4/16/2020,-37
SC,4/16/2020,-26
SD,4/16/2020,-33
TN,4/16/2020,-25
TX,4/16/2020,-32
UT,4/16/2020,-34
VT,4/16/2020,-47
VA,4/16/2020,-34
WA,4/16/2020,-35
WV,4/16/2020,-29
WI,4/16/2020,-40
WY,4/16/2020,-40
AL,4/17/2020,-29
AK,4/17/2020,-32
AZ,4/17/2020,-37
AR,4/17/2020,-23
CA,4/17/2020,-56
CO,4/17/2020,-43
CT,4/17/2020,-42
DE,4/17/2020,-40
DC,4/17/2020,-64
FL,4/17/2020,-44
GA,4/17/2020,-33
HI,4/17/2020,-52
ID,4/17/2020,-30
IL,4/17/2020,-47
IN,4/17/2020,-41
IA,4/17/2020,-36
KS,4/17/2020,-34
KY,4/17/2020,-34
LA,4/17/2020,-36
ME,4/17/2020,-40
MD,4/17/2020,-40
MA,4/17/2020,-48
MI,4/17/2020,-57
MN,4/17/2020,-40
MS,4/17/2020,-27
MO,4/17/2020,-34
MT,4/17/2020,-37
NE,4/17/2020,-33
NV,4/17/2020,-44
NH,4/17/2020,-39
NJ,4/17/2020,-59
NM,4/17/2020,-35
NY,4/17/2020,-62
NC,4/17/2020,-31
ND,4/17/2020,-38
OH,4/17/2020,-43
OK,4/17/2020,-30
OR,4/17/2020,-38
PA,4/17/2020,-47
RI,4/17/2020,-39
SC,4/17/2020,-30
SD,4/17/2020,-32
TN,4/17/2020,-30
TX,4/17/2020,-37
UT,4/17/2020,-35
VT,4/17/2020,-50
VA,4/17/2020,-36
WA,4/17/2020,-40
WV,4/17/2020,-36
WI,4/17/2020,-43
WY,4/17/2020,-33
AL,4/18/2020,-33
AK,4/18/2020,-33
AZ,4/18/2020,-40
AR,4/18/2020,-25
CA,4/18/2020,-59
CO,4/18/2020,-47
CT,4/18/2020,-51
DE,4/18/2020,-45
DC,4/18/2020,-70
FL,4/18/2020,-49
GA,4/18/2020,-36
HI,4/18/2020,-55
ID,4/18/2020,-33
IL,4/18/2020,-42
IN,4/18/2020,-35
IA,4/18/2020,-38
KS,4/18/2020,-39
KY,4/18/2020,-34
LA,4/18/2020,-43
ME,4/18/2020,-46
MD,4/18/2020,-45
MA,4/18/2020,-59
MI,4/18/2020,-53
MN,4/18/2020,-43
MS,4/18/2020,-29
MO,4/18/2020,-37
MT,4/18/2020,-42
NE,4/18/2020,-33
NV,4/18/2020,-47
NH,4/18/2020,-49
NJ,4/18/2020,-64
NM,4/18/2020,-42
NY,4/18/2020,-65
NC,4/18/2020,-36
ND,4/18/2020,-43
OH,4/18/2020,-38
OK,4/18/2020,-30
OR,4/18/2020,-45
PA,4/18/2020,-49
RI,4/18/2020,-54
SC,4/18/2020,-34
SD,4/18/2020,-37
TN,4/18/2020,-33
TX,4/18/2020,-41
UT,4/18/2020,-38
VT,4/18/2020,-54
VA,4/18/2020,-43
WA,4/18/2020,-47
WV,4/18/2020,-36
WI,4/18/2020,-42
WY,4/18/2020,-32
AL,4/19/2020,-45
AK,4/19/2020,-28
AZ,4/19/2020,-38
AR,4/19/2020,-31
CA,4/19/2020,-59
CO,4/19/2020,-43
CT,4/19/2020,-41
DE,4/19/2020,-42
DC,4/19/2020,-67
FL,4/19/2020,-48
GA,4/19/2020,-50
HI,4/19/2020,-56
ID,4/19/2020,-21
IL,4/19/2020,-43
IN,4/19/2020,-36
IA,4/19/2020,-31
KS,4/19/2020,-30
KY,4/19/2020,-36
LA,4/19/2020,-44
ME,4/19/2020,-31
MD,4/19/2020,-45
MA,4/19/2020,-45
MI,4/19/2020,-50
MN,4/19/2020,-39
MS,4/19/2020,-42
MO,4/19/2020,-32
MT,4/19/2020,-36
NE,4/19/2020,-31
NV,4/19/2020,-46
NH,4/19/2020,-37
NJ,4/19/2020,-62
NM,4/19/2020,-37
NY,4/19/2020,-62
NC,4/19/2020,-38
ND,4/19/2020,-38
OH,4/19/2020,-38
OK,4/19/2020,-31
OR,4/19/2020,-38
PA,4/19/2020,-45
RI,4/19/2020,-38
SC,4/19/2020,-41
SD,4/19/2020,-34
TN,4/19/2020,-38
TX,4/19/2020,-42
UT,4/19/2020,-33
VT,4/19/2020,-48
VA,4/19/2020,-40
WA,4/19/2020,-37
WV,4/19/2020,-31
WI,4/19/2020,-39
WY,4/19/2020,-30
AL,4/20/2020,-23
AK,4/20/2020,-25
AZ,4/20/2020,-33
AR,4/20/2020,-16
CA,4/20/2020,-54
CO,4/20/2020,-37
CT,4/20/2020,-39
DE,4/20/2020,-37
DC,4/20/2020,-62
FL,4/20/2020,-44
GA,4/20/2020,-31
HI,4/20/2020,-51
ID,4/20/2020,-21
IL,4/20/2020,-37
IN,4/20/2020,-25
IA,4/20/2020,-31
KS,4/20/2020,-30
KY,4/20/2020,-25
LA,4/20/2020,-31
ME,4/20/2020,-31
MD,4/20/2020,-39
MA,4/20/2020,-45
MI,4/20/2020,-44
MN,4/20/2020,-38
MS,4/20/2020,-18
MO,4/20/2020,-29
MT,4/20/2020,-28
NE,4/20/2020,-24
NV,4/20/2020,-42
NH,4/20/2020,-32
NJ,4/20/2020,-58
NM,4/20/2020,-30
NY,4/20/2020,-59
NC,4/20/2020,-34
ND,4/20/2020,-34
OH,4/20/2020,-30
OK,4/20/2020,-20
OR,4/20/2020,-31
PA,4/20/2020,-41
RI,4/20/2020,-37
SC,4/20/2020,-30
SD,4/20/2020,-28
TN,4/20/2020,-25
TX,4/20/2020,-33
UT,4/20/2020,-27
VT,4/20/2020,-40
VA,4/20/2020,-38
WA,4/20/2020,-34
WV,4/20/2020,-26
WI,4/20/2020,-38
WY,4/20/2020,-22
AL,4/21/2020,-23
AK,4/21/2020,-27
AZ,4/21/2020,-34
AR,4/21/2020,-15
CA,4/21/2020,-53
CO,4/21/2020,-38
CT,4/21/2020,-46
DE,4/21/2020,-38
DC,4/21/2020,-63
FL,4/21/2020,-41
GA,4/21/2020,-30
HI,4/21/2020,-52
ID,4/21/2020,-23
IL,4/21/2020,-38
IN,4/21/2020,-27
IA,4/21/2020,-32
KS,4/21/2020,-27
KY,4/21/2020,-26
LA,4/21/2020,-26
ME,4/21/2020,-37
MD,4/21/2020,-39
MA,4/21/2020,-50
MI,4/21/2020,-49
MN,4/21/2020,-36
MS,4/21/2020,-15
MO,4/21/2020,-28
MT,4/21/2020,-31
NE,4/21/2020,-25
NV,4/21/2020,-39
NH,4/21/2020,-38
NJ,4/21/2020,-60
NM,4/21/2020,-30
NY,4/21/2020,-63
NC,4/21/2020,-29
ND,4/21/2020,-34
OH,4/21/2020,-33
OK,4/21/2020,-21
OR,4/21/2020,-35
PA,4/21/2020,-44
RI,4/21/2020,-43
SC,4/21/2020,-25
SD,4/21/2020,-27
TN,4/21/2020,-24
TX,4/21/2020,-32
UT,4/21/2020,-28
VT,4/21/2020,-46
VA,4/21/2020,-34
WA,4/21/2020,-37
WV,4/21/2020,-27
WI,4/21/2020,-39
WY,4/21/2020,-21
AL,4/22/2020,-23
AK,4/22/2020,-24
AZ,4/22/2020,-34
AR,4/22/2020,-25
CA,4/22/2020,-53
CO,4/22/2020,-38
CT,4/22/2020,-40
DE,4/22/2020,-35
DC,4/22/2020,-61
FL,4/22/2020,-41
GA,4/22/2020,-30
HI,4/22/2020,-51
ID,4/22/2020,-25
IL,4/22/2020,-40
IN,4/22/2020,-28
IA,4/22/2020,-31
KS,4/22/2020,-33
KY,4/22/2020,-26
LA,4/22/2020,-30
ME,4/22/2020,-39
MD,4/22/2020,-36
MA,4/22/2020,-47
MI,4/22/2020,-48
MN,4/22/2020,-33
MS,4/22/2020,-18
MO,4/22/2020,-28
MT,4/22/2020,-32
NE,4/22/2020,-25
NV,4/22/2020,-39
NH,4/22/2020,-35
NJ,4/22/2020,-56
NM,4/22/2020,-31
NY,4/22/2020,-60
NC,4/22/2020,-29
ND,4/22/2020,-32
OH,4/22/2020,-32
OK,4/22/2020,-28
OR,4/22/2020,-38
PA,4/22/2020,-41
RI,4/22/2020,-38
SC,4/22/2020,-25
SD,4/22/2020,-25
TN,4/22/2020,-26
TX,4/22/2020,-34
UT,4/22/2020,-27
VT,4/22/2020,-46
VA,4/22/2020,-32
WA,4/22/2020,-40
WV,4/22/2020,-27
WI,4/22/2020,-39
WY,4/22/2020,-24
AL,4/23/2020,-35
AK,4/23/2020,-27
AZ,4/23/2020,-34
AR,4/23/2020,-18
CA,4/23/2020,-53
CO,4/23/2020,-39
CT,4/23/2020,-41
DE,4/23/2020,-38
DC,4/23/2020,-65
FL,4/23/2020,-43
GA,4/23/2020,-40
HI,4/23/2020,-52
ID,4/23/2020,-29
IL,4/23/2020,-41
IN,4/23/2020,-34
IA,4/23/2020,-32
KS,4/23/2020,-31
KY,4/23/2020,-36
LA,4/23/2020,-33
ME,4/23/2020,-35
MD,4/23/2020,-40
MA,4/23/2020,-45
MI,4/23/2020,-49
MN,4/23/2020,-38
MS,4/23/2020,-25
MO,4/23/2020,-33
MT,4/23/2020,-36
NE,4/23/2020,-27
NV,4/23/2020,-41
NH,4/23/2020,-33
NJ,4/23/2020,-58
NM,4/23/2020,-30
NY,4/23/2020,-60
NC,4/23/2020,-36
ND,4/23/2020,-33
OH,4/23/2020,-35
OK,4/23/2020,-17
OR,4/23/2020,-37
PA,4/23/2020,-43
RI,4/23/2020,-37
SC,4/23/2020,-34
SD,4/23/2020,-29
TN,4/23/2020,-32
TX,4/23/2020,-31
UT,4/23/2020,-31
VT,4/23/2020,-42
VA,4/23/2020,-38
WA,4/23/2020,-39
WV,4/23/2020,-32
WI,4/23/2020,-41
WY,4/23/2020,-30
AL,4/24/2020,-26
AK,4/24/2020,-28
AZ,4/24/2020,-36
AR,4/24/2020,-20
CA,4/24/2020,-54
CO,4/24/2020,-40
CT,4/24/2020,-45
DE,4/24/2020,-42
DC,4/24/2020,-65
FL,4/24/2020,-47
GA,4/24/2020,-31
HI,4/24/2020,-51
ID,4/24/2020,-30
IL,4/24/2020,-42
IN,4/24/2020,-32
IA,4/24/2020,-32
KS,4/24/2020,-34
KY,4/24/2020,-30
LA,4/24/2020,-33
ME,4/24/2020,-39
MD,4/24/2020,-42
MA,4/24/2020,-51
MI,4/24/2020,-50
MN,4/24/2020,-38
MS,4/24/2020,-23
MO,4/24/2020,-30
MT,4/24/2020,-35
NE,4/24/2020,-30
NV,4/24/2020,-42
NH,4/24/2020,-39
NJ,4/24/2020,-62
NM,4/24/2020,-33
NY,4/24/2020,-63
NC,4/24/2020,-31
ND,4/24/2020,-35
OH,4/24/2020,-34
OK,4/24/2020,-24
OR,4/24/2020,-40
PA,4/24/2020,-47
RI,4/24/2020,-45
SC,4/24/2020,-29
SD,4/24/2020,-29
TN,4/24/2020,-30
TX,4/24/2020,-33
UT,4/24/2020,-31
VT,4/24/2020,-46
VA,4/24/2020,-38
WA,4/24/2020,-40
WV,4/24/2020,-36
WI,4/24/2020,-42
WY,4/24/2020,-31
AL,4/25/2020,-31
AK,4/25/2020,-25
AZ,4/25/2020,-40
AR,4/25/2020,-23
CA,4/25/2020,-56
CO,4/25/2020,-41
CT,4/25/2020,-37
DE,4/25/2020,-37
DC,4/25/2020,-68
FL,4/25/2020,-45
GA,4/25/2020,-32
HI,4/25/2020,-51
ID,4/25/2020,-31
IL,4/25/2020,-48
IN,4/25/2020,-36
IA,4/25/2020,-35
KS,4/25/2020,-35
KY,4/25/2020,-35
LA,4/25/2020,-37
ME,4/25/2020,-37
MD,4/25/2020,-41
MA,4/25/2020,-45
MI,4/25/2020,-50
MN,4/25/2020,-40
MS,4/25/2020,-26
MO,4/25/2020,-39
MT,4/25/2020,-37
NE,4/25/2020,-33
NV,4/25/2020,-45
NH,4/25/2020,-37
NJ,4/25/2020,-57
NM,4/25/2020,-38
NY,4/25/2020,-57
NC,4/25/2020,-37
ND,4/25/2020,-39
OH,4/25/2020,-34
OK,4/25/2020,-25
OR,4/25/2020,-43
PA,4/25/2020,-43
RI,4/25/2020,-38
SC,4/25/2020,-32
SD,4/25/2020,-35
TN,4/25/2020,-36
TX,4/25/2020,-37
UT,4/25/2020,-35
VT,4/25/2020,-45
VA,4/25/2020,-41
WA,4/25/2020,-45
WV,4/25/2020,-33
WI,4/25/2020,-43
WY,4/25/2020,-27
AL,4/26/2020,-30
AK,4/26/2020,-17
AZ,4/26/2020,-37
AR,4/26/2020,-18
CA,4/26/2020,-56
CO,4/26/2020,-39
CT,4/26/2020,-50
DE,4/26/2020,-48
DC,4/26/2020,-69
FL,4/26/2020,-47
GA,4/26/2020,-34
HI,4/26/2020,-53
ID,4/26/2020,-18
IL,4/26/2020,-39
IN,4/26/2020,-33
IA,4/26/2020,-26
KS,4/26/2020,-25
KY,4/26/2020,-38
LA,4/26/2020,-33
ME,4/26/2020,-35
MD,4/26/2020,-49
MA,4/26/2020,-53
MI,4/26/2020,-42
MN,4/26/2020,-35
MS,4/26/2020,-22
MO,4/26/2020,-25
MT,4/26/2020,-28
NE,4/26/2020,-26
NV,4/26/2020,-44
NH,4/26/2020,-41
NJ,4/26/2020,-67
NM,4/26/2020,-34
NY,4/26/2020,-66
NC,4/26/2020,-35
ND,4/26/2020,-33
OH,4/26/2020,-40
OK,4/26/2020,-22
OR,4/26/2020,-36
PA,4/26/2020,-51
RI,4/26/2020,-48
SC,4/26/2020,-30
SD,4/26/2020,-20
TN,4/26/2020,-34
TX,4/26/2020,-35
UT,4/26/2020,-26
VT,4/26/2020,-48
VA,4/26/2020,-41
WA,4/26/2020,-36
WV,4/26/2020,-35
WI,4/26/2020,-33
WY,4/26/2020,-25
AL,4/27/2020,-20
AK,4/27/2020,-14
AZ,4/27/2020,-31
AR,4/27/2020,-14
CA,4/27/2020,-51
CO,4/27/2020,-31
CT,4/27/2020,-40
DE,4/27/2020,-36
DC,4/27/2020,-62
FL,4/27/2020,-38
GA,4/27/2020,-25
HI,4/27/2020,-49
ID,4/27/2020,-21
IL,4/27/2020,-37
IN,4/27/2020,-21
IA,4/27/2020,-25
KS,4/27/2020,-25
KY,4/27/2020,-20
LA,4/27/2020,-26
ME,4/27/2020,-40
MD,4/27/2020,-38
MA,4/27/2020,-50
MI,4/27/2020,-37
MN,4/27/2020,-29
MS,4/27/2020,-12
MO,4/27/2020,-25
MT,4/27/2020,-24
NE,4/27/2020,-20
NV,4/27/2020,-38
NH,4/27/2020,-37
NJ,4/27/2020,-57
NM,4/27/2020,-27
NY,4/27/2020,-59
NC,4/27/2020,-25
ND,4/27/2020,-26
OH,4/27/2020,-25
OK,4/27/2020,-17
OR,4/27/2020,-32
PA,4/27/2020,-38
RI,4/27/2020,-41
SC,4/27/2020,-20
SD,4/27/2020,-19
TN,4/27/2020,-18
TX,4/27/2020,-29
UT,4/27/2020,-24
VT,4/27/2020,-42
VA,4/27/2020,-33
WA,4/27/2020,-34
WV,4/27/2020,-22
WI,4/27/2020,-36
WY,4/27/2020,-19
AL,4/28/2020,-21
AK,4/28/2020,-15
AZ,4/28/2020,-32
AR,4/28/2020,-15
CA,4/28/2020,-51
CO,4/28/2020,-32
CT,4/28/2020,-33
DE,4/28/2020,-31
DC,4/28/2020,-62
FL,4/28/2020,-38
GA,4/28/2020,-24
HI,4/28/2020,-48
ID,4/28/2020,-19
IL,4/28/2020,-36
IN,4/28/2020,-22
IA,4/28/2020,-29
KS,4/28/2020,-26
KY,4/28/2020,-21
LA,4/28/2020,-30
ME,4/28/2020,-33
MD,4/28/2020,-36
MA,4/28/2020,-43
MI,4/28/2020,-35
MN,4/28/2020,-37
MS,4/28/2020,-14
MO,4/28/2020,-26
MT,4/28/2020,-23
NE,4/28/2020,-24
NV,4/28/2020,-35
NH,4/28/2020,-30
NJ,4/28/2020,-51
NM,4/28/2020,-27
NY,4/28/2020,-54
NC,4/28/2020,-24
ND,4/28/2020,-29
OH,4/28/2020,-26
OK,4/28/2020,-20
OR,4/28/2020,-31
PA,4/28/2020,-35
RI,4/28/2020,-32
SC,4/28/2020,-19
SD,4/28/2020,-24
TN,4/28/2020,-18
TX,4/28/2020,-30
UT,4/28/2020,-24
VT,4/28/2020,-37
VA,4/28/2020,-32
WA,4/28/2020,-33
WV,4/28/2020,-20
WI,4/28/2020,-37
WY,4/28/2020,-21
AL,4/29/2020,-22
AK,4/29/2020,-12
AZ,4/29/2020,-31
AR,4/29/2020,-9
CA,4/29/2020,-49
CO,4/29/2020,-31
CT,4/29/2020,-37
DE,4/29/2020,-32
DC,4/29/2020,-58
FL,4/29/2020,-38
GA,4/29/2020,-27
HI,4/29/2020,-49
ID,4/29/2020,-20
IL,4/29/2020,-41
IN,4/29/2020,-27
IA,4/29/2020,-29
KS,4/29/2020,-24
KY,4/29/2020,-24
LA,4/29/2020,-26
ME,4/29/2020,-27
MD,4/29/2020,-33
MA,4/29/2020,-41
MI,4/29/2020,-40
MN,4/29/2020,-31
MS,4/29/2020,-11
MO,4/29/2020,-21
MT,4/29/2020,-22
NE,4/29/2020,-23
NV,4/29/2020,-36
NH,4/29/2020,-26
NJ,4/29/2020,-54
NM,4/29/2020,-26
NY,4/29/2020,-56
NC,4/29/2020,-25
ND,4/29/2020,-26
OH,4/29/2020,-28
OK,4/29/2020,-9
OR,4/29/2020,-31
PA,4/29/2020,-35
RI,4/29/2020,-31
SC,4/29/2020,-21
SD,4/29/2020,-20
TN,4/29/2020,-20
TX,4/29/2020,-27
UT,4/29/2020,-23
VT,4/29/2020,-36
VA,4/29/2020,-29
WA,4/29/2020,-33
WV,4/29/2020,-19
WI,4/29/2020,-39
WY,4/29/2020,-18
AL,4/30/2020,-18
AK,4/30/2020,-16
AZ,4/30/2020,-30
AR,4/30/2020,-8
CA,4/30/2020,-47
CO,4/30/2020,-32
CT,4/30/2020,-42
DE,4/30/2020,-38
DC,4/30/2020,-66
FL,4/30/2020,-40
GA,4/30/2020,-23
HI,4/30/2020,-48
ID,4/30/2020,-22
IL,4/30/2020,-35
IN,4/30/2020,-27
IA,4/30/2020,-25
KS,4/30/2020,-24
KY,4/30/2020,-24
LA,4/30/2020,-22
ME,4/30/2020,-33
MD,4/30/2020,-44
MA,4/30/2020,-47
MI,4/30/2020,-39
MN,4/30/2020,-30
MS,4/30/2020,-10
MO,4/30/2020,-21
MT,4/30/2020,-23
NE,4/30/2020,-22
NV,4/30/2020,-36
NH,4/30/2020,-35
NJ,4/30/2020,-56
NM,4/30/2020,-25
NY,4/30/2020,-58
NC,4/30/2020,-29
ND,4/30/2020,-24
OH,4/30/2020,-29
OK,4/30/2020,-10
OR,4/30/2020,-31
PA,4/30/2020,-42
RI,4/30/2020,-39
SC,4/30/2020,-21
SD,4/30/2020,-17
TN,4/30/2020,-18
TX,4/30/2020,-25
UT,4/30/2020,-24
VT,4/30/2020,-43
VA,4/30/2020,-38
WA,4/30/2020,-33
WV,4/30/2020,-22
WI,4/30/2020,-32
WY,4/30/2020,-20
AL,5/1/2020,-16
AK,5/1/2020,-16
AZ,5/1/2020,-31
AR,5/1/2020,-8
CA,5/1/2020,-47
CO,5/1/2020,-31
CT,5/1/2020,-37
DE,5/1/2020,-33
DC,5/1/2020,-59
FL,5/1/2020,-36
GA,5/1/2020,-21
HI,5/1/2020,-47
ID,5/1/2020,-18
IL,5/1/2020,-34
IN,5/1/2020,-23
IA,5/1/2020,-21
KS,5/1/2020,-20
KY,5/1/2020,-20
LA,5/1/2020,-24
ME,5/1/2020,-38
MD,5/1/2020,-34
MA,5/1/2020,-45
MI,5/1/2020,-37
MN,5/1/2020,-32
MS,5/1/2020,-12
MO,5/1/2020,-18
MT,5/1/2020,-23
NE,5/1/2020,-20
NV,5/1/2020,-37
NH,5/1/2020,-35
NJ,5/1/2020,-53
NM,5/1/2020,-27
NY,5/1/2020,-55
NC,5/1/2020,-23
ND,5/1/2020,-22
OH,5/1/2020,-28
OK,5/1/2020,-10
OR,5/1/2020,-32
PA,5/1/2020,-37
RI,5/1/2020,-35
SC,5/1/2020,-19
SD,5/1/2020,-17
TN,5/1/2020,-17
TX,5/1/2020,-26
UT,5/1/2020,-26
VT,5/1/2020,-41
VA,5/1/2020,-30
WA,5/1/2020,-33
WV,5/1/2020,-24
WI,5/1/2020,-34
WY,5/1/2020,-20
AL,5/2/2020,-21
AK,5/2/2020,-15
AZ,5/2/2020,-36
AR,5/2/2020,-15
CA,5/2/2020,-50
CO,5/2/2020,-38
CT,5/2/2020,-32
DE,5/2/2020,-32
DC,5/2/2020,-62
FL,5/2/2020,-40
GA,5/2/2020,-23
HI,5/2/2020,-50
ID,5/2/2020,-23
IL,5/2/2020,-35
IN,5/2/2020,-24
IA,5/2/2020,-28
KS,5/2/2020,-30
KY,5/2/2020,-24
LA,5/2/2020,-30
ME,5/2/2020,-31
MD,5/2/2020,-34
MA,5/2/2020,-41
MI,5/2/2020,-38
MN,5/2/2020,-35
MS,5/2/2020,-16
MO,5/2/2020,-28
MT,5/2/2020,-23
NE,5/2/2020,-29
NV,5/2/2020,-41
NH,5/2/2020,-32
NJ,5/2/2020,-50
NM,5/2/2020,-35
NY,5/2/2020,-51
NC,5/2/2020,-27
ND,5/2/2020,-27
OH,5/2/2020,-28
OK,5/2/2020,-16
OR,5/2/2020,-41
PA,5/2/2020,-37
RI,5/2/2020,-33
SC,5/2/2020,-23
SD,5/2/2020,-24
TN,5/2/2020,-20
TX,5/2/2020,-30
UT,5/2/2020,-30
VT,5/2/2020,-40
VA,5/2/2020,-33
WA,5/2/2020,-43
WV,5/2/2020,-22
WI,5/2/2020,-34
WY,5/2/2020,-22
AL,5/3/2020,-20
AK,5/3/2020,-9
AZ,5/3/2020,-34
AR,5/3/2020,-15
CA,5/3/2020,-50
CO,5/3/2020,-31
CT,5/3/2020,-30
DE,5/3/2020,-37
DC,5/3/2020,-64
FL,5/3/2020,-40
GA,5/3/2020,-26
HI,5/3/2020,-50
ID,5/3/2020,-11
IL,5/3/2020,-35
IN,5/3/2020,-25
IA,5/3/2020,-18
KS,5/3/2020,-19
KY,5/3/2020,-27
LA,5/3/2020,-28
ME,5/3/2020,-23
MD,5/3/2020,-40
MA,5/3/2020,-37
MI,5/3/2020,-30
MN,5/3/2020,-28
MS,5/3/2020,-15
MO,5/3/2020,-23
MT,5/3/2020,-21
NE,5/3/2020,-22
NV,5/3/2020,-40
NH,5/3/2020,-25
NJ,5/3/2020,-52
NM,5/3/2020,-30
NY,5/3/2020,-50
NC,5/3/2020,-27
ND,5/3/2020,-20
OH,5/3/2020,-26
OK,5/3/2020,-14
OR,5/3/2020,-33
PA,5/3/2020,-34
RI,5/3/2020,-27
SC,5/3/2020,-22
SD,5/3/2020,-11
TN,5/3/2020,-20
TX,5/3/2020,-28
UT,5/3/2020,-21
VT,5/3/2020,-34
VA,5/3/2020,-34
WA,5/3/2020,-32
WV,5/3/2020,-21
WI,5/3/2020,-27
WY,5/3/2020,-17
AL,5/4/2020,-11
AK,5/4/2020,-9
AZ,5/4/2020,-28
AR,5/4/2020,-8
CA,5/4/2020,-44
CO,5/4/2020,-27
CT,5/4/2020,-30
DE,5/4/2020,-26
DC,5/4/2020,-57
FL,5/4/2020,-32
GA,5/4/2020,-18
HI,5/4/2020,-46
ID,5/4/2020,-10
IL,5/4/2020,-33
IN,5/4/2020,-15
IA,5/4/2020,-23
KS,5/4/2020,-26
KY,5/4/2020,-15
LA,5/4/2020,-21
ME,5/4/2020,-23
MD,5/4/2020,-30
MA,5/4/2020,-37
MI,5/4/2020,-30
MN,5/4/2020,-27
MS,5/4/2020,-5
MO,5/4/2020,-22
MT,5/4/2020,-8
NE,5/4/2020,-19
NV,5/4/2020,-35
NH,5/4/2020,-22
NJ,5/4/2020,-47
NM,5/4/2020,-23
NY,5/4/2020,-51
NC,5/4/2020,-20
ND,5/4/2020,-18
OH,5/4/2020,-20
OK,5/4/2020,-7
OR,5/4/2020,-27
PA,5/4/2020,-31
RI,5/4/2020,-26
SC,5/4/2020,-14
SD,5/4/2020,-17
TN,5/4/2020,-10
TX,5/4/2020,-23
UT,5/4/2020,-16
VT,5/4/2020,-34
VA,5/4/2020,-26
WA,5/4/2020,-30
WV,5/4/2020,-11
WI,5/4/2020,-29
WY,5/4/2020,-14
AL,5/5/2020,-12
AK,5/5/2020,-6
AZ,5/5/2020,-27
AR,5/5/2020,-5
CA,5/5/2020,-44
CO,5/5/2020,-25
CT,5/5/2020,-27
DE,5/5/2020,-25
DC,5/5/2020,-56
FL,5/5/2020,-31
GA,5/5/2020,-16
HI,5/5/2020,-43
ID,5/5/2020,-10
IL,5/5/2020,-34
IN,5/5/2020,-21
IA,5/5/2020,-27
KS,5/5/2020,-14
KY,5/5/2020,-21
LA,5/5/2020,-18
ME,5/5/2020,-25
MD,5/5/2020,-30
MA,5/5/2020,-36
MI,5/5/2020,-31
MN,5/5/2020,-27
MS,5/5/2020,-5
MO,5/5/2020,-13
MT,5/5/2020,-10
NE,5/5/2020,-15
NV,5/5/2020,-32
NH,5/5/2020,-22
NJ,5/5/2020,-46
NM,5/5/2020,-23
NY,5/5/2020,-49
NC,5/5/2020,-22
ND,5/5/2020,-16
OH,5/5/2020,-24
OK,5/5/2020,-4
OR,5/5/2020,-25
PA,5/5/2020,-30
RI,5/5/2020,-23
SC,5/5/2020,-14
SD,5/5/2020,-14
TN,5/5/2020,-10
TX,5/5/2020,-21
UT,5/5/2020,-15
VT,5/5/2020,-33
VA,5/5/2020,-28
WA,5/5/2020,-26
WV,5/5/2020,-14
WI,5/5/2020,-30
WY,5/5/2020,-11
AL,5/6/2020,-11
AK,5/6/2020,-6
AZ,5/6/2020,-30
AR,5/6/2020,-4
CA,5/6/2020,-46
CO,5/6/2020,-28
CT,5/6/2020,-35
DE,5/6/2020,-34
DC,5/6/2020,-62
FL,5/6/2020,-33
GA,5/6/2020,-18
HI,5/6/2020,-47
ID,5/6/2020,-17
IL,5/6/2020,-32
IN,5/6/2020,-17
IA,5/6/2020,-24
KS,5/6/2020,-18
KY,5/6/2020,-20
LA,5/6/2020,-17
ME,5/6/2020,-25
MD,5/6/2020,-38
MA,5/6/2020,-40
MI,5/6/2020,-29
MN,5/6/2020,-27
MS,5/6/2020,-3
MO,5/6/2020,-10
MT,5/6/2020,-15
NE,5/6/2020,-19
NV,5/6/2020,-35
NH,5/6/2020,-24
NJ,5/6/2020,-52
NM,5/6/2020,-26
NY,5/6/2020,-54
NC,5/6/2020,-24
ND,5/6/2020,-15
OH,5/6/2020,-23
OK,5/6/2020,-3
OR,5/6/2020,-28
PA,5/6/2020,-37
RI,5/6/2020,-30
SC,5/6/2020,-14
SD,5/6/2020,-15
TN,5/6/2020,-12
TX,5/6/2020,-20
UT,5/6/2020,-17
VT,5/6/2020,-34
VA,5/6/2020,-30
WA,5/6/2020,-32
WV,5/6/2020,-19
WI,5/6/2020,-29
WY,5/6/2020,-16
AL,5/7/2020,-15
AK,5/7/2020,-11
AZ,5/7/2020,-29
AR,5/7/2020,-9
CA,5/7/2020,-46
CO,5/7/2020,-28
CT,5/7/2020,-31
DE,5/7/2020,-27
DC,5/7/2020,-57
FL,5/7/2020,-33
GA,5/7/2020,-18
HI,5/7/2020,-47
ID,5/7/2020,-14
IL,5/7/2020,-32
IN,5/7/2020,-19
IA,5/7/2020,-26
KS,5/7/2020,-27
KY,5/7/2020,-20
LA,5/7/2020,-20
ME,5/7/2020,-26
MD,5/7/2020,-30
MA,5/7/2020,-39
MI,5/7/2020,-31
MN,5/7/2020,-30
MS,5/7/2020,-8
MO,5/7/2020,-18
MT,5/7/2020,-13
NE,5/7/2020,-23
NV,5/7/2020,-35
NH,5/7/2020,-25
NJ,5/7/2020,-47
NM,5/7/2020,-26
NY,5/7/2020,-50
NC,5/7/2020,-22
ND,5/7/2020,-16
OH,5/7/2020,-24
OK,5/7/2020,-8
OR,5/7/2020,-28
PA,5/7/2020,-32
RI,5/7/2020,-30
SC,5/7/2020,-15
SD,5/7/2020,-18
TN,5/7/2020,-12
TX,5/7/2020,-22
UT,5/7/2020,-17
VT,5/7/2020,-33
VA,5/7/2020,-28
WA,5/7/2020,-30
WV,5/7/2020,-16
WI,5/7/2020,-30
WY,5/7/2020,-20
AL,5/8/2020,-22
AK,5/8/2020,-13
AZ,5/8/2020,-30
AR,5/8/2020,-10
CA,5/8/2020,-46
CO,5/8/2020,-30
CT,5/8/2020,-37
DE,5/8/2020,-33
DC,5/8/2020,-63
FL,5/8/2020,-33
GA,5/8/2020,-23
HI,5/8/2020,-46
ID,5/8/2020,-17
IL,5/8/2020,-36
IN,5/8/2020,-25
IA,5/8/2020,-21
KS,5/8/2020,-17
KY,5/8/2020,-30
LA,5/8/2020,-32
ME,5/8/2020,-29
MD,5/8/2020,-37
MA,5/8/2020,-42
MI,5/8/2020,-40
MN,5/8/2020,-31
MS,5/8/2020,-20
MO,5/8/2020,-13
MT,5/8/2020,-16
NE,5/8/2020,-18
NV,5/8/2020,-37
NH,5/8/2020,-30
NJ,5/8/2020,-53
NM,5/8/2020,-28
NY,5/8/2020,-55
NC,5/8/2020,-25
ND,5/8/2020,-19
OH,5/8/2020,-32
OK,5/8/2020,-10
OR,5/8/2020,-31
PA,5/8/2020,-40
RI,5/8/2020,-35
SC,5/8/2020,-19
SD,5/8/2020,-14
TN,5/8/2020,-21
TX,5/8/2020,-23
UT,5/8/2020,-20
VT,5/8/2020,-39
VA,5/8/2020,-32
WA,5/8/2020,-31
WV,5/8/2020,-28
WI,5/8/2020,-35
WY,5/8/2020,-18
AL,5/9/2020,-15
AK,5/9/2020,-8
AZ,5/9/2020,-32
AR,5/9/2020,-9
CA,5/9/2020,-46
CO,5/9/2020,-31
CT,5/9/2020,-35
DE,5/9/2020,-31
DC,5/9/2020,-64
FL,5/9/2020,-33
GA,5/9/2020,-17
HI,5/9/2020,-46
ID,5/9/2020,-17
IL,5/9/2020,-32
IN,5/9/2020,-20
IA,5/9/2020,-25
KS,5/9/2020,-26
KY,5/9/2020,-21
LA,5/9/2020,-26
ME,5/9/2020,-42
MD,5/9/2020,-35
MA,5/9/2020,-45
MI,5/9/2020,-37
MN,5/9/2020,-36
MS,5/9/2020,-7
MO,5/9/2020,-20
MT,5/9/2020,-13
NE,5/9/2020,-23
NV,5/9/2020,-36
NH,5/9/2020,-36
NJ,5/9/2020,-50
NM,5/9/2020,-32
NY,5/9/2020,-53
NC,5/9/2020,-22
ND,5/9/2020,-26
OH,5/9/2020,-29
OK,5/9/2020,-10
OR,5/9/2020,-33
PA,5/9/2020,-37
RI,5/9/2020,-35
SC,5/9/2020,-15
SD,5/9/2020,-21
TN,5/9/2020,-13
TX,5/9/2020,-23
UT,5/9/2020,-22
VT,5/9/2020,-45
VA,5/9/2020,-32
WA,5/9/2020,-34
WV,5/9/2020,-19
WI,5/9/2020,-32
WY,5/9/2020,-17
AL,5/10/2020,-19
AK,5/10/2020,2
AZ,5/10/2020,-29
AR,5/10/2020,-8
CA,5/10/2020,-47
CO,5/10/2020,-25
CT,5/10/2020,-29
DE,5/10/2020,-27
DC,5/10/2020,-60
FL,5/10/2020,-35
GA,5/10/2020,-20
HI,5/10/2020,-44
ID,5/10/2020,-4
IL,5/10/2020,-38
IN,5/10/2020,-25
IA,5/10/2020,-21
KS,5/10/2020,-12
KY,5/10/2020,-20
LA,5/10/2020,-26
ME,5/10/2020,-18
MD,5/10/2020,-30
MA,5/10/2020,-37
MI,5/10/2020,-33
MN,5/10/2020,-30
MS,5/10/2020,-11
MO,5/10/2020,-13
MT,5/10/2020,-5
NE,5/10/2020,-15
NV,5/10/2020,-33
NH,5/10/2020,-28
NJ,5/10/2020,-47
NM,5/10/2020,-29
NY,5/10/2020,-50
NC,5/10/2020,-23
ND,5/10/2020,-11
OH,5/10/2020,-27
OK,5/10/2020,-7
OR,5/10/2020,-25
PA,5/10/2020,-30
RI,5/10/2020,-26
SC,5/10/2020,-17
SD,5/10/2020,-6
TN,5/10/2020,-12
TX,5/10/2020,-22
UT,5/10/2020,-13
VT,5/10/2020,-37
VA,5/10/2020,-29
WA,5/10/2020,-22
WV,5/10/2020,-13
WI,5/10/2020,-35
WY,5/10/2020,-9
AL,5/11/2020,-11
AK,5/11/2020,-6
AZ,5/11/2020,-25
AR,5/11/2020,-9
CA,5/11/2020,-45
CO,5/11/2020,-31
CT,5/11/2020,-35
DE,5/11/2020,-31
DC,5/11/2020,-62
FL,5/11/2020,-31
GA,5/11/2020,-19
HI,5/11/2020,-48
ID,5/11/2020,-13
IL,5/11/2020,-36
IN,5/11/2020,-17
IA,5/11/2020,-24
KS,5/11/2020,-27
KY,5/11/2020,-22
LA,5/11/2020,-22
ME,5/11/2020,-25
MD,5/11/2020,-36
MA,5/11/2020,-43
MI,5/11/2020,-36
MN,5/11/2020,-30
MS,5/11/2020,-4
MO,5/11/2020,-18
MT,5/11/2020,-12
NE,5/11/2020,-19
NV,5/11/2020,-33
NH,5/11/2020,-27
NJ,5/11/2020,-51
NM,5/11/2020,-28
NY,5/11/2020,-55
NC,5/11/2020,-21
ND,5/11/2020,-14
OH,5/11/2020,-30
OK,5/11/2020,-11
OR,5/11/2020,-30
PA,5/11/2020,-38
RI,5/11/2020,-33
SC,5/11/2020,-13
SD,5/11/2020,-15
TN,5/11/2020,-10
TX,5/11/2020,-21
UT,5/11/2020,-17
VT,5/11/2020,-39
VA,5/11/2020,-31
WA,5/11/2020,-32
WV,5/11/2020,-21
WI,5/11/2020,-31
WY,5/11/2020,-14
AL,5/12/2020,-9
AK,5/12/2020,-4
AZ,5/12/2020,-24
AR,5/12/2020,-13
CA,5/12/2020,-45
CO,5/12/2020,-27
CT,5/12/2020,-30
DE,5/12/2020,-27
DC,5/12/2020,-59
FL,5/12/2020,-30
GA,5/12/2020,-17
HI,5/12/2020,-46
ID,5/12/2020,-15
IL,5/12/2020,-32
IN,5/12/2020,-14
IA,5/12/2020,-25
KS,5/12/2020,-22
KY,5/12/2020,-19
LA,5/12/2020,-19
ME,5/12/2020,-24
MD,5/12/2020,-31
MA,5/12/2020,-38
MI,5/12/2020,-29
MN,5/12/2020,-28
MS,5/12/2020,-3
MO,5/12/2020,-20
MT,5/12/2020,-14
NE,5/12/2020,-18
NV,5/12/2020,-30
NH,5/12/2020,-23
NJ,5/12/2020,-47
NM,5/12/2020,-24
NY,5/12/2020,-50
NC,5/12/2020,-20
ND,5/12/2020,-16
OH,5/12/2020,-21
OK,5/12/2020,-12
OR,5/12/2020,-31
PA,5/12/2020,-31
RI,5/12/2020,-26
SC,5/12/2020,-11
SD,5/12/2020,-16
TN,5/12/2020,-11
TX,5/12/2020,-22
UT,5/12/2020,-18
VT,5/12/2020,-33
VA,5/12/2020,-28
WA,5/12/2020,-31
WV,5/12/2020,-11
WI,5/12/2020,-29
WY,5/12/2020,-13
AL,5/13/2020,-5
AK,5/13/2020,0
AZ,5/13/2020,-24
AR,5/13/2020,-3
CA,5/13/2020,-44
CO,5/13/2020,-25
CT,5/13/2020,-29
DE,5/13/2020,-26
DC,5/13/2020,-57
FL,5/13/2020,-29
GA,5/13/2020,-16
HI,5/13/2020,-45
ID,5/13/2020,-14
IL,5/13/2020,-31
IN,5/13/2020,-12
IA,5/13/2020,-24
KS,5/13/2020,-21
KY,5/13/2020,-21
LA,5/13/2020,-18
ME,5/13/2020,-22
MD,5/13/2020,-30
MA,5/13/2020,-36
MI,5/13/2020,-24
MN,5/13/2020,-30
MS,5/13/2020,1
MO,5/13/2020,-12
MT,5/13/2020,-10
NE,5/13/2020,-20
NV,5/13/2020,-28
NH,5/13/2020,-19
NJ,5/13/2020,-44
NM,5/13/2020,-23
NY,5/13/2020,-48
NC,5/13/2020,-22
ND,5/13/2020,-13
OH,5/13/2020,-18
OK,5/13/2020,-4
OR,5/13/2020,-30
PA,5/13/2020,-29
RI,5/13/2020,-25
SC,5/13/2020,-12
SD,5/13/2020,-15
TN,5/13/2020,-9
TX,5/13/2020,-18
UT,5/13/2020,-16
VT,5/13/2020,-31
VA,5/13/2020,-27
WA,5/13/2020,-31
WV,5/13/2020,-11
WI,5/13/2020,-27
WY,5/13/2020,-12
AL,5/14/2020,-10
AK,5/14/2020,-6
AZ,5/14/2020,-24
AR,5/14/2020,-7
CA,5/14/2020,-45
CO,5/14/2020,-26
CT,5/14/2020,-29
DE,5/14/2020,-26
DC,5/14/2020,-59
FL,5/14/2020,-31
GA,5/14/2020,-17
HI,5/14/2020,-46
ID,5/14/2020,-16
IL,5/14/2020,-37
IN,5/14/2020,-17
IA,5/14/2020,-25
KS,5/14/2020,-20
KY,5/14/2020,-18
LA,5/14/2020,-26
ME,5/14/2020,-22
MD,5/14/2020,-31
MA,5/14/2020,-36
MI,5/14/2020,-36
MN,5/14/2020,-30
MS,5/14/2020,-8
MO,5/14/2020,-17
MT,5/14/2020,-8
NE,5/14/2020,-20
NV,5/14/2020,-30
NH,5/14/2020,-20
NJ,5/14/2020,-44
NM,5/14/2020,-23
NY,5/14/2020,-49
NC,5/14/2020,-22
ND,5/14/2020,-12
OH,5/14/2020,-24
OK,5/14/2020,-5
OR,5/14/2020,-33
PA,5/14/2020,-31
RI,5/14/2020,-23
SC,5/14/2020,-13
SD,5/14/2020,-12
TN,5/14/2020,-9
TX,5/14/2020,-20
UT,5/14/2020,-17
VT,5/14/2020,-31
VA,5/14/2020,-29
WA,5/14/2020,-33
WV,5/14/2020,-13
WI,5/14/2020,-28
WY,5/14/2020,-13
AL,5/15/2020,-13
AK,5/15/2020,-5
AZ,5/15/2020,-26
AR,5/15/2020,-13
CA,5/15/2020,-45
CO,5/15/2020,-29
CT,5/15/2020,-31
DE,5/15/2020,-27
DC,5/15/2020,-58
FL,5/15/2020,-33
GA,5/15/2020,-19
HI,5/15/2020,-44
ID,5/15/2020,-18
IL,5/15/2020,-34
IN,5/15/2020,-18
IA,5/15/2020,-16
KS,5/15/2020,-17
KY,5/15/2020,-23
LA,5/15/2020,-24
ME,5/15/2020,-30
MD,5/15/2020,-30
MA,5/15/2020,-40
MI,5/15/2020,-36
MN,5/15/2020,-30
MS,5/15/2020,-12
MO,5/15/2020,-13
MT,5/15/2020,-14
NE,5/15/2020,-16
NV,5/15/2020,-32
NH,5/15/2020,-27
NJ,5/15/2020,-45
NM,5/15/2020,-26
NY,5/15/2020,-50
NC,5/15/2020,-22
ND,5/15/2020,-14
OH,5/15/2020,-25
OK,5/15/2020,-15
OR,5/15/2020,-30
PA,5/15/2020,-33
RI,5/15/2020,-27
SC,5/15/2020,-13
SD,5/15/2020,-12
TN,5/15/2020,-13
TX,5/15/2020,-24
UT,5/15/2020,-20
VT,5/15/2020,-38
VA,5/15/2020,-28
WA,5/15/2020,-33
WV,5/15/2020,-19
WI,5/15/2020,-26
WY,5/15/2020,-13
AL,5/16/2020,-15
AK,5/16/2020,-7
AZ,5/16/2020,-29
AR,5/16/2020,-16
CA,5/16/2020,-47
CO,5/16/2020,-31
CT,5/16/2020,-29
DE,5/16/2020,-29
DC,5/16/2020,-62
FL,5/16/2020,-32
GA,5/16/2020,-20
HI,5/16/2020,-46
ID,5/16/2020,-16
IL,5/16/2020,-35
IN,5/16/2020,-14
IA,5/16/2020,-22
KS,5/16/2020,-25
KY,5/16/2020,-25
LA,5/16/2020,-28
ME,5/16/2020,-29
MD,5/16/2020,-32
MA,5/16/2020,-39
MI,5/16/2020,-34
MN,5/16/2020,-38
MS,5/16/2020,-12
MO,5/16/2020,-21
MT,5/16/2020,-13
NE,5/16/2020,-24
NV,5/16/2020,-36
NH,5/16/2020,-25
NJ,5/16/2020,-45
NM,5/16/2020,-31
NY,5/16/2020,-47
NC,5/16/2020,-25
ND,5/16/2020,-20
OH,5/16/2020,-22
OK,5/16/2020,-13
OR,5/16/2020,-36
PA,5/16/2020,-34
RI,5/16/2020,-26
SC,5/16/2020,-14
SD,5/16/2020,-19
TN,5/16/2020,-14
TX,5/16/2020,-29
UT,5/16/2020,-25
VT,5/16/2020,-37
VA,5/16/2020,-31
WA,5/16/2020,-40
WV,5/16/2020,-17
WI,5/16/2020,-27
WY,5/16/2020,-11
AL,5/17/2020,-18
AK,5/17/2020,6
AZ,5/17/2020,-25
AR,5/17/2020,-11
CA,5/17/2020,-47
CO,5/17/2020,-25
CT,5/17/2020,-29
DE,5/17/2020,-32
DC,5/17/2020,-63
FL,5/17/2020,-33
GA,5/17/2020,-21
HI,5/17/2020,-46
ID,5/17/2020,-2
IL,5/17/2020,-46
IN,5/17/2020,-21
IA,5/17/2020,-19
KS,5/17/2020,-12
KY,5/17/2020,-24
LA,5/17/2020,-25
ME,5/17/2020,-16
MD,5/17/2020,-35
MA,5/17/2020,-37
MI,5/17/2020,-37
MN,5/17/2020,-39
MS,5/17/2020,-12
MO,5/17/2020,-15
MT,5/17/2020,-6
NE,5/17/2020,-20
NV,5/17/2020,-35
NH,5/17/2020,-22
NJ,5/17/2020,-46
NM,5/17/2020,-27
NY,5/17/2020,-47
NC,5/17/2020,-24
ND,5/17/2020,-8
OH,5/17/2020,-20
OK,5/17/2020,-5
OR,5/17/2020,-28
PA,5/17/2020,-31
RI,5/17/2020,-24
SC,5/17/2020,-12
SD,5/17/2020,-5
TN,5/17/2020,-14
TX,5/17/2020,-22
UT,5/17/2020,-13
VT,5/17/2020,-28
VA,5/17/2020,-30
WA,5/17/2020,-30
WV,5/17/2020,-10
WI,5/17/2020,-36
WY,5/17/2020,-3
AL,5/18/2020,-8
AK,5/18/2020,0
AZ,5/18/2020,-19
AR,5/18/2020,-2
CA,5/18/2020,-43
CO,5/18/2020,-20
CT,5/18/2020,-26
DE,5/18/2020,-25
DC,5/18/2020,-59
FL,5/18/2020,-31
GA,5/18/2020,-18
HI,5/18/2020,-44
ID,5/18/2020,-3
IL,5/18/2020,-31
IN,5/18/2020,-10
IA,5/18/2020,-15
KS,5/18/2020,-12
KY,5/18/2020,-22
LA,5/18/2020,-13
ME,5/18/2020,-16
MD,5/18/2020,-31
MA,5/18/2020,-35
MI,5/18/2020,-34
MN,5/18/2020,-23
MS,5/18/2020,0
MO,5/18/2020,-10
MT,5/18/2020,-3
NE,5/18/2020,-11
NV,5/18/2020,-28
NH,5/18/2020,-15
NJ,5/18/2020,-42
NM,5/18/2020,-19
NY,5/18/2020,-47
NC,5/18/2020,-21
ND,5/18/2020,-3
OH,5/18/2020,-21
OK,5/18/2020,-1
OR,5/18/2020,-26
PA,5/18/2020,-26
RI,5/18/2020,-23
SC,5/18/2020,-10
SD,5/18/2020,-4
TN,5/18/2020,-8
TX,5/18/2020,-17
UT,5/18/2020,-11
VT,5/18/2020,-19
VA,5/18/2020,-30
WA,5/18/2020,-28
WV,5/18/2020,-9
WI,5/18/2020,-24
WY,5/18/2020,0
AL,5/19/2020,-6
AK,5/19/2020,0
AZ,5/19/2020,-18
AR,5/19/2020,-2
CA,5/19/2020,-42
CO,5/19/2020,-20
CT,5/19/2020,-25
DE,5/19/2020,-22
DC,5/19/2020,-57
FL,5/19/2020,-26
GA,5/19/2020,-13
HI,5/19/2020,-42
ID,5/19/2020,-4
IL,5/19/2020,-33
IN,5/19/2020,-11
IA,5/19/2020,-17
KS,5/19/2020,-8
KY,5/19/2020,-20
LA,5/19/2020,-11
ME,5/19/2020,-15
MD,5/19/2020,-26
MA,5/19/2020,-33
MI,5/19/2020,-27
MN,5/19/2020,-21
MS,5/19/2020,0
MO,5/19/2020,-10
MT,5/19/2020,-4
NE,5/19/2020,-12
NV,5/19/2020,-25
NH,5/19/2020,-13
NJ,5/19/2020,-42
NM,5/19/2020,-18
NY,5/19/2020,-44
NC,5/19/2020,-25
ND,5/19/2020,-5
OH,5/19/2020,-18
OK,5/19/2020,0
OR,5/19/2020,-24
PA,5/19/2020,-24
RI,5/19/2020,-19
SC,5/19/2020,-9
SD,5/19/2020,-4
TN,5/19/2020,-7
TX,5/19/2020,-15
UT,5/19/2020,-12
VT,5/19/2020,-20
VA,5/19/2020,-26
WA,5/19/2020,-28
WV,5/19/2020,-9
WI,5/19/2020,-23
WY,5/19/2020,0
AL,5/20/2020,-1
AK,5/20/2020,3
AZ,5/20/2020,-16
AR,5/20/2020,1
CA,5/20/2020,-41
CO,5/20/2020,-19
CT,5/20/2020,-21
DE,5/20/2020,-25
DC,5/20/2020,-58
FL,5/20/2020,-25
GA,5/20/2020,-15
HI,5/20/2020,-41
ID,5/20/2020,-4
IL,5/20/2020,-28
IN,5/20/2020,-9
IA,5/20/2020,-14
KS,5/20/2020,-6
KY,5/20/2020,-15
LA,5/20/2020,-12
ME,5/20/2020,-15
MD,5/20/2020,-27
MA,5/20/2020,-31
MI,5/20/2020,-19
MN,5/20/2020,-19
MS,5/20/2020,3
MO,5/20/2020,-1
MT,5/20/2020,-3
NE,5/20/2020,-10
NV,5/20/2020,-23
NH,5/20/2020,-9
NJ,5/20/2020,-41
NM,5/20/2020,-17
NY,5/20/2020,-43
NC,5/20/2020,-27
ND,5/20/2020,-4
OH,5/20/2020,-14
OK,5/20/2020,4
OR,5/20/2020,-23
PA,5/20/2020,-25
RI,5/20/2020,-17
SC,5/20/2020,-13
SD,5/20/2020,-5
TN,5/20/2020,-6
TX,5/20/2020,-14
UT,5/20/2020,-10
VT,5/20/2020,-18
VA,5/20/2020,-27
WA,5/20/2020,-30
WV,5/20/2020,-12
WI,5/20/2020,-14
WY,5/20/2020,-2
AL,5/21/2020,-5
AK,5/21/2020,-3
AZ,5/21/2020,-15
AR,5/21/2020,-2
CA,5/21/2020,-40
CO,5/21/2020,-19
CT,5/21/2020,-22
DE,5/21/2020,-21
DC,5/21/2020,-58
FL,5/21/2020,-26
GA,5/21/2020,-13
HI,5/21/2020,-42
ID,5/21/2020,-2
IL,5/21/2020,-29
IN,5/21/2020,-8
IA,5/21/2020,-13
KS,5/21/2020,-12
KY,5/21/2020,-16
LA,5/21/2020,-12
ME,5/21/2020,-13
MD,5/21/2020,-26
MA,5/21/2020,-30
MI,5/21/2020,-20
MN,5/21/2020,-23
MS,5/21/2020,-1
MO,5/21/2020,-7
MT,5/21/2020,-2
NE,5/21/2020,-14
NV,5/21/2020,-24
NH,5/21/2020,-8
NJ,5/21/2020,-39
NM,5/21/2020,-16
NY,5/21/2020,-42
NC,5/21/2020,-25
ND,5/21/2020,-3
OH,5/21/2020,-12
OK,5/21/2020,-1
OR,5/21/2020,-24
PA,5/21/2020,-24
RI,5/21/2020,-17
SC,5/21/2020,-7
SD,5/21/2020,-4
TN,5/21/2020,-6
TX,5/21/2020,-14
UT,5/21/2020,-8
VT,5/21/2020,-19
VA,5/21/2020,-27
WA,5/21/2020,-30
WV,5/21/2020,-9
WI,5/21/2020,-14
WY,5/21/2020,0
AL,5/22/2020,-11
AK,5/22/2020,-3
AZ,5/22/2020,-20
AR,5/22/2020,-7
CA,5/22/2020,-41
CO,5/22/2020,-22
CT,5/22/2020,-23
DE,5/22/2020,-30
DC,5/22/2020,-61
FL,5/22/2020,-26
GA,5/22/2020,-16
HI,5/22/2020,-40
ID,5/22/2020,-7
IL,5/22/2020,-30
IN,5/22/2020,-10
IA,5/22/2020,-11
KS,5/22/2020,-8
KY,5/22/2020,-15
LA,5/22/2020,-18
ME,5/22/2020,-18
MD,5/22/2020,-33
MA,5/22/2020,-33
MI,5/22/2020,-31
MN,5/22/2020,-26
MS,5/22/2020,-7
MO,5/22/2020,-5
MT,5/22/2020,-7
NE,5/22/2020,-15
NV,5/22/2020,-28
NH,5/22/2020,-12
NJ,5/22/2020,-44
NM,5/22/2020,-21
NY,5/22/2020,-45
NC,5/22/2020,-19
ND,5/22/2020,-10
OH,5/22/2020,-16
OK,5/22/2020,-6
OR,5/22/2020,-25
PA,5/22/2020,-32
RI,5/22/2020,-18
SC,5/22/2020,-9
SD,5/22/2020,-4
TN,5/22/2020,-11
TX,5/22/2020,-17
UT,5/22/2020,-15
VT,5/22/2020,-22
VA,5/22/2020,-26
WA,5/22/2020,-31
WV,5/22/2020,-12
WI,5/22/2020,-19
WY,5/22/2020,-5
AL,5/23/2020,-14
AK,5/23/2020,-8
AZ,5/23/2020,-25
AR,5/23/2020,-11
CA,5/23/2020,-44
CO,5/23/2020,-30
CT,5/23/2020,-32
DE,5/23/2020,-28
DC,5/23/2020,-60
FL,5/23/2020,-28
GA,5/23/2020,-18
HI,5/23/2020,-43
ID,5/23/2020,-13
IL,5/23/2020,-34
IN,5/23/2020,-13
IA,5/23/2020,-19
KS,5/23/2020,-20
KY,5/23/2020,-18
LA,5/23/2020,-25
ME,5/23/2020,-23
MD,5/23/2020,-29
MA,5/23/2020,-41
MI,5/23/2020,-31
MN,5/23/2020,-35
MS,5/23/2020,-9
MO,5/23/2020,-15
MT,5/23/2020,-13
NE,5/23/2020,-21
NV,5/23/2020,-32
NH,5/23/2020,-19
NJ,5/23/2020,-50
NM,5/23/2020,-30
NY,5/23/2020,-50
NC,5/23/2020,-19
ND,5/23/2020,-20
OH,5/23/2020,-18
OK,5/23/2020,-11
OR,5/23/2020,-28
PA,5/23/2020,-34
RI,5/23/2020,-32
SC,5/23/2020,-9
SD,5/23/2020,-13
TN,5/23/2020,-11
TX,5/23/2020,-22
UT,5/23/2020,-22
VT,5/23/2020,-25
VA,5/23/2020,-29
WA,5/23/2020,-36
WV,5/23/2020,-10
WI,5/23/2020,-22
WY,5/23/2020,-9
AL,5/24/2020,-13
AK,5/24/2020,3
AZ,5/24/2020,-20
AR,5/24/2020,-6
CA,5/24/2020,-43
CO,5/24/2020,-31
CT,5/24/2020,-20
DE,5/24/2020,-27
DC,5/24/2020,-60
FL,5/24/2020,-30
GA,5/24/2020,-19
HI,5/24/2020,-41
ID,5/24/2020,6
IL,5/24/2020,-30
IN,5/24/2020,-7
IA,5/24/2020,-8
KS,5/24/2020,-7
KY,5/24/2020,-13
LA,5/24/2020,-19
ME,5/24/2020,-10
MD,5/24/2020,-32
MA,5/24/2020,-32
MI,5/24/2020,-20
MN,5/24/2020,-26
MS,5/24/2020,-4
MO,5/24/2020,-8
MT,5/24/2020,-2
NE,5/24/2020,-16
NV,5/24/2020,-29
NH,5/24/2020,-9
NJ,5/24/2020,-43
NM,5/24/2020,-24
NY,5/24/2020,-43
NC,5/24/2020,-19
ND,5/24/2020,-10
OH,5/24/2020,-10
OK,5/24/2020,-5
OR,5/24/2020,-19
PA,5/24/2020,-27
RI,5/24/2020,-13
SC,5/24/2020,-7
SD,5/24/2020,6
TN,5/24/2020,-7
TX,5/24/2020,-22
UT,5/24/2020,-7
VT,5/24/2020,-16
VA,5/24/2020,-29
WA,5/24/2020,-24
WV,5/24/2020,-4
WI,5/24/2020,-6
WY,5/24/2020,-2
AL,5/25/2020,-20
AK,5/25/2020,-14
AZ,5/25/2020,-20
AR,5/25/2020,-16
CA,5/25/2020,-43
CO,5/25/2020,-21
CT,5/25/2020,-29
DE,5/25/2020,-29
DC,5/25/2020,-62
FL,5/25/2020,-34
GA,5/25/2020,-23
HI,5/25/2020,-42
ID,5/25/2020,-2
IL,5/25/2020,-33
IN,5/25/2020,-10
IA,5/25/2020,-15
KS,5/25/2020,-19
KY,5/25/2020,-15
LA,5/25/2020,-26
ME,5/25/2020,-23
MD,5/25/2020,-31
MA,5/25/2020,-36
MI,5/25/2020,-31
MN,5/25/2020,-26
MS,5/25/2020,-16
MO,5/25/2020,-16
MT,5/25/2020,-10
NE,5/25/2020,-19
NV,5/25/2020,-29
NH,5/25/2020,-8
NJ,5/25/2020,-44
NM,5/25/2020,-26
NY,5/25/2020,-49
NC,5/25/2020,-19
ND,5/25/2020,-15
OH,5/25/2020,-19
OK,5/25/2020,-17
OR,5/25/2020,-25
PA,5/25/2020,-34
RI,5/25/2020,-18
SC,5/25/2020,-13
SD,5/25/2020,-6
TN,5/25/2020,-14
TX,5/25/2020,-22
UT,5/25/2020,-5
VT,5/25/2020,-23
VA,5/25/2020,-28
WA,5/25/2020,-35
WV,5/25/2020,-14
WI,5/25/2020,-15
WY,5/25/2020,-4
AL,5/26/2020,-12
AK,5/26/2020,3
AZ,5/26/2020,-19
AR,5/26/2020,-6
CA,5/26/2020,-40
CO,5/26/2020,-19
CT,5/26/2020,-23
DE,5/26/2020,-23
DC,5/26/2020,-57
FL,5/26/2020,-27
GA,5/26/2020,-17
HI,5/26/2020,-40
ID,5/26/2020,-2
IL,5/26/2020,-27
IN,5/26/2020,-5
IA,5/26/2020,-15
KS,5/26/2020,-12
KY,5/26/2020,-10
LA,5/26/2020,-16
ME,5/26/2020,-15
MD,5/26/2020,-25
MA,5/26/2020,-30
MI,5/26/2020,-21
MN,5/26/2020,-24
MS,5/26/2020,-3
MO,5/26/2020,-11
MT,5/26/2020,-1
NE,5/26/2020,-17
NV,5/26/2020,-25
NH,5/26/2020,-10
NJ,5/26/2020,-39
NM,5/26/2020,-18
NY,5/26/2020,-43
NC,5/26/2020,-13
ND,5/26/2020,-6
OH,5/26/2020,-8
OK,5/26/2020,-4
OR,5/26/2020,-20
PA,5/26/2020,-24
RI,5/26/2020,-17
SC,5/26/2020,-6
SD,5/26/2020,-3
TN,5/26/2020,-7
TX,5/26/2020,-15
UT,5/26/2020,-11
VT,5/26/2020,-16
VA,5/26/2020,-23
WA,5/26/2020,-26
WV,5/26/2020,1
WI,5/26/2020,-13
WY,5/26/2020,1
AL,5/27/2020,-9
AK,5/27/2020,5
AZ,5/27/2020,-19
AR,5/27/2020,-3
CA,5/27/2020,-39
CO,5/27/2020,-19
CT,5/27/2020,-20
DE,5/27/2020,-22
DC,5/27/2020,-57
FL,5/27/2020,-24
GA,5/27/2020,-17
HI,5/27/2020,-40
ID,5/27/2020,1
IL,5/27/2020,-27
IN,5/27/2020,-4
IA,5/27/2020,-11
KS,5/27/2020,-8
KY,5/27/2020,-9
LA,5/27/2020,-10
ME,5/27/2020,-14
MD,5/27/2020,-25
MA,5/27/2020,-28
MI,5/27/2020,-21
MN,5/27/2020,-19
MS,5/27/2020,1
MO,5/27/2020,-4
MT,5/27/2020,0
NE,5/27/2020,-12
NV,5/27/2020,-23
NH,5/27/2020,-8
NJ,5/27/2020,-39
NM,5/27/2020,-17
NY,5/27/2020,-41
NC,5/27/2020,-20
ND,5/27/2020,-1
OH,5/27/2020,-6
OK,5/27/2020,0
OR,5/27/2020,-17
PA,5/27/2020,-23
RI,5/27/2020,-13
SC,5/27/2020,-11
SD,5/27/2020,-2
TN,5/27/2020,-6
TX,5/27/2020,-14
UT,5/27/2020,-7
VT,5/27/2020,-16
VA,5/27/2020,-23
WA,5/27/2020,-24
WV,5/27/2020,-1
WI,5/27/2020,-10
WY,5/27/2020,-1
AL,5/28/2020,-6
AK,5/28/2020,5
AZ,5/28/2020,-18
AR,5/28/2020,-4
CA,5/28/2020,-39
CO,5/28/2020,-18
CT,5/28/2020,-24
DE,5/28/2020,-23
DC,5/28/2020,-58
FL,5/28/2020,-24
GA,5/28/2020,-14
HI,5/28/2020,-39
ID,5/28/2020,1
IL,5/28/2020,-28
IN,5/28/2020,-6
IA,5/28/2020,-12
KS,5/28/2020,-14
KY,5/28/2020,-8
LA,5/28/2020,-12
ME,5/28/2020,-15
MD,5/28/2020,-28
MA,5/28/2020,-30
MI,5/28/2020,-22
MN,5/28/2020,-24
MS,5/28/2020,-2
MO,5/28/2020,-11
MT,5/28/2020,2
NE,5/28/2020,-12
NV,5/28/2020,-24
NH,5/28/2020,-9
NJ,5/28/2020,-42
NM,5/28/2020,-17
NY,5/28/2020,-44
NC,5/28/2020,-15
ND,5/28/2020,-2
OH,5/28/2020,-7
OK,5/28/2020,0
OR,5/28/2020,-18
PA,5/28/2020,-26
RI,5/28/2020,-18
SC,5/28/2020,-6
SD,5/28/2020,-2
TN,5/28/2020,-5
TX,5/28/2020,-13
UT,5/28/2020,-7
VT,5/28/2020,-20
VA,5/28/2020,-24
WA,5/28/2020,-26
WV,5/28/2020,-1
WI,5/28/2020,-16
WY,5/28/2020,1
AL,5/29/2020,-9
AK,5/29/2020,0
AZ,5/29/2020,-22
AR,5/29/2020,-5
CA,5/29/2020,-40
CO,5/29/2020,-22
CT,5/29/2020,-26
DE,5/29/2020,-26
DC,5/29/2020,-56
FL,5/29/2020,-24
GA,5/29/2020,-16
HI,5/29/2020,-39
ID,5/29/2020,-6
IL,5/29/2020,-25
IN,5/29/2020,-9
IA,5/29/2020,-7
KS,5/29/2020,-5
KY,5/29/2020,-13
LA,5/29/2020,-17
ME,5/29/2020,-19
MD,5/29/2020,-28
MA,5/29/2020,-34
MI,5/29/2020,-30
MN,5/29/2020,-30
MS,5/29/2020,-7
MO,5/29/2020,-3
MT,5/29/2020,-6
NE,5/29/2020,-12
NV,5/29/2020,-27
NH,5/29/2020,-16
NJ,5/29/2020,-43
NM,5/29/2020,-21
NY,5/29/2020,-47
NC,5/29/2020,-18
ND,5/29/2020,-9
OH,5/29/2020,-16
OK,5/29/2020,-3
OR,5/29/2020,-23
PA,5/29/2020,-30
RI,5/29/2020,-22
SC,5/29/2020,-10
SD,5/29/2020,-4
TN,5/29/2020,-8
TX,5/29/2020,-15
UT,5/29/2020,-14
VT,5/29/2020,-28
VA,5/29/2020,-25
WA,5/29/2020,-29
WV,5/29/2020,-10
WI,5/29/2020,-16
WY,5/29/2020,-3
AL,5/30/2020,-11
AK,5/30/2020,-2
AZ,5/30/2020,-26
AR,5/30/2020,-10
CA,5/30/2020,-42
CO,5/30/2020,-27
CT,5/30/2020,-21
DE,5/30/2020,-25
DC,5/30/2020,-56
FL,5/30/2020,-26
GA,5/30/2020,-17
HI,5/30/2020,-42
ID,5/30/2020,-10
IL,5/30/2020,-26
IN,5/30/2020,-8
IA,5/30/2020,-15
KS,5/30/2020,-17
KY,5/30/2020,-12
LA,5/30/2020,-21
ME,5/30/2020,-22
MD,5/30/2020,-27
MA,5/30/2020,-34
MI,5/30/2020,-27
MN,5/30/2020,-35
MS,5/30/2020,-6
MO,5/30/2020,-14
MT,5/30/2020,-9
NE,5/30/2020,-23
NV,5/30/2020,-30
NH,5/30/2020,-16
NJ,5/30/2020,-40
NM,5/30/2020,-28
NY,5/30/2020,-44
NC,5/30/2020,-16
ND,5/30/2020,-16
OH,5/30/2020,-13
OK,5/30/2020,-7
OR,5/30/2020,-32
PA,5/30/2020,-29
RI,5/30/2020,-19
SC,5/30/2020,-10
SD,5/30/2020,-11
TN,5/30/2020,-9
TX,5/30/2020,-19
UT,5/30/2020,-22
VT,5/30/2020,-25
VA,5/30/2020,-27
WA,5/30/2020,-41
WV,5/30/2020,-5
WI,5/30/2020,-15
WY,5/30/2020,-5
AL,5/31/2020,-9
AK,5/31/2020,9
AZ,5/31/2020,-23
AR,5/31/2020,-4
CA,5/31/2020,-43
CO,5/31/2020,-19
CT,5/31/2020,-18
DE,5/31/2020,-23
DC,5/31/2020,-54
FL,5/31/2020,-26
GA,5/31/2020,-17
HI,5/31/2020,-42
ID,5/31/2020,7
IL,5/31/2020,-30
IN,5/31/2020,-6
IA,5/31/2020,-6
KS,5/31/2020,-3
KY,5/31/2020,-9
LA,5/31/2020,-16
ME,5/31/2020,-10
MD,5/31/2020,-25
MA,5/31/2020,-29
MI,5/31/2020,-19
MN,5/31/2020,-26
MS,5/31/2020,-2
MO,5/31/2020,-4
MT,5/31/2020,2
NE,5/31/2020,-15
NV,5/31/2020,-28
NH,5/31/2020,-9
NJ,5/31/2020,-40
NM,5/31/2020,-22
NY,5/31/2020,-43
NC,5/31/2020,-15
ND,5/31/2020,-5
OH,5/31/2020,-8
OK,5/31/2020,-1
OR,5/31/2020,-20
PA,5/31/2020,-24
RI,5/31/2020,-10
SC,5/31/2020,-9
SD,5/31/2020,6
TN,5/31/2020,-6
TX,5/31/2020,-18
UT,5/31/2020,-10
VT,5/31/2020,-20
VA,5/31/2020,-23
WA,5/31/2020,-27
WV,5/31/2020,3
WI,5/31/2020,-5
WY,5/31/2020,6
AL,6/1/2020,-1
AK,6/1/2020,9
AZ,6/1/2020,-17
AR,6/1/2020,2
CA,6/1/2020,-41
CO,6/1/2020,-14
CT,6/1/2020,-14
DE,6/1/2020,-11
DC,6/1/2020,-54
FL,6/1/2020,-21
GA,6/1/2020,-10
HI,6/1/2020,-38
ID,6/1/2020,7
IL,6/1/2020,-27
IN,6/1/2020,-1
IA,6/1/2020,-8
KS,6/1/2020,-5
KY,6/1/2020,-3
LA,6/1/2020,-8
ME,6/1/2020,-7
MD,6/1/2020,-20
MA,6/1/2020,-26
MI,6/1/2020,-16
MN,6/1/2020,-13
MS,6/1/2020,8
MO,6/1/2020,-3
MT,6/1/2020,8
NE,6/1/2020,-9
NV,6/1/2020,-21
NH,6/1/2020,-6
NJ,6/1/2020,-37
NM,6/1/2020,-10
NY,6/1/2020,-40
NC,6/1/2020,-8
ND,6/1/2020,3
OH,6/1/2020,-3
OK,6/1/2020,3
OR,6/1/2020,-11
PA,6/1/2020,-21
RI,6/1/2020,-6
SC,6/1/2020,0
SD,6/1/2020,5
TN,6/1/2020,1
TX,6/1/2020,-12
UT,6/1/2020,-6
VT,6/1/2020,-13
VA,6/1/2020,-17
WA,6/1/2020,-22
WV,6/1/2020,5
WI,6/1/2020,-9
WY,6/1/2020,11
AL,6/2/2020,-4
AK,6/2/2020,7
AZ,6/2/2020,-18
AR,6/2/2020,1
CA,6/2/2020,-39
CO,6/2/2020,-15
CT,6/2/2020,-17
DE,6/2/2020,-12
DC,6/2/2020,-54
FL,6/2/2020,-22
GA,6/2/2020,-10
HI,6/2/2020,-37
ID,6/2/2020,5
IL,6/2/2020,-24
IN,6/2/2020,1
IA,6/2/2020,-9
KS,6/2/2020,-5
KY,6/2/2020,-5
LA,6/2/2020,-7
ME,6/2/2020,-10
MD,6/2/2020,-19
MA,6/2/2020,-28
MI,6/2/2020,-17
MN,6/2/2020,-19
MS,6/2/2020,5
MO,6/2/2020,-4
MT,6/2/2020,7
NE,6/2/2020,-8
NV,6/2/2020,-19
NH,6/2/2020,-8
NJ,6/2/2020,-38
NM,6/2/2020,-7
NY,6/2/2020,-43
NC,6/2/2020,-9
ND,6/2/2020,0
OH,6/2/2020,-4
OK,6/2/2020,2
OR,6/2/2020,-13
PA,6/2/2020,-18
RI,6/2/2020,-11
SC,6/2/2020,1
SD,6/2/2020,5
TN,6/2/2020,-1
TX,6/2/2020,-11
UT,6/2/2020,-8
VT,6/2/2020,-17
VA,6/2/2020,-18
WA,6/2/2020,-24
WV,6/2/2020,6
WI,6/2/2020,-10
WY,6/2/2020,7
AL,6/3/2020,1
AK,6/3/2020,11
AZ,6/3/2020,-18
AR,6/3/2020,4
CA,6/3/2020,-36
CO,6/3/2020,-13
CT,6/3/2020,-15
DE,6/3/2020,-13
DC,6/3/2020,-51
FL,6/3/2020,-22
GA,6/3/2020,-8
HI,6/3/2020,-37
ID,6/3/2020,6
IL,6/3/2020,-21
IN,6/3/2020,0
IA,6/3/2020,-6
KS,6/3/2020,-2
KY,6/3/2020,-3
LA,6/3/2020,-6
ME,6/3/2020,-9
MD,6/3/2020,-20
MA,6/3/2020,-27
MI,6/3/2020,-13
MN,6/3/2020,-10
MS,6/3/2020,9
MO,6/3/2020,3
MT,6/3/2020,6
NE,6/3/2020,-4
NV,6/3/2020,-18
NH,6/3/2020,-5
NJ,6/3/2020,-39
NM,6/3/2020,-9
NY,6/3/2020,-43
NC,6/3/2020,-8
ND,6/3/2020,2
OH,6/3/2020,-3
OK,6/3/2020,8
OR,6/3/2020,-12
PA,6/3/2020,-23
RI,6/3/2020,-10
SC,6/3/2020,2
SD,6/3/2020,3
TN,6/3/2020,1
TX,6/3/2020,-9
UT,6/3/2020,-6
VT,6/3/2020,-17
VA,6/3/2020,-17
WA,6/3/2020,-22
WV,6/3/2020,4
WI,6/3/2020,-5
WY,6/3/2020,5
AL,6/4/2020,-6
AK,6/4/2020,6
AZ,6/4/2020,-18
AR,6/4/2020,-1
CA,6/4/2020,-35
CO,6/4/2020,-15
CT,6/4/2020,-14
DE,6/4/2020,-10
DC,6/4/2020,-54
FL,6/4/2020,-24
GA,6/4/2020,-11
HI,6/4/2020,-37
ID,6/4/2020,4
IL,6/4/2020,-20
IN,6/4/2020,-3
IA,6/4/2020,-8
KS,6/4/2020,-8
KY,6/4/2020,-9
LA,6/4/2020,-8
ME,6/4/2020,-7
MD,6/4/2020,-22
MA,6/4/2020,-27
MI,6/4/2020,-15
MN,6/4/2020,-15
MS,6/4/2020,1
MO,6/4/2020,-5
MT,6/4/2020,6
NE,6/4/2020,-8
NV,6/4/2020,-18
NH,6/4/2020,-5
NJ,6/4/2020,-36
NM,6/4/2020,-10
NY,6/4/2020,-40
NC,6/4/2020,-10
ND,6/4/2020,1
OH,6/4/2020,-7
OK,6/4/2020,3
OR,6/4/2020,-15
PA,6/4/2020,-22
RI,6/4/2020,-7
SC,6/4/2020,-2
SD,6/4/2020,2
TN,6/4/2020,-3
TX,6/4/2020,-11
UT,6/4/2020,-8
VT,6/4/2020,-17
VA,6/4/2020,-20
WA,6/4/2020,-24
WV,6/4/2020,1
WI,6/4/2020,-6
WY,6/4/2020,5
AL,6/5/2020,-10
AK,6/5/2020,3
AZ,6/5/2020,-21
AR,6/5/2020,-4
CA,6/5/2020,-36
CO,6/5/2020,-19
CT,6/5/2020,-20
DE,6/5/2020,-16
DC,6/5/2020,-56
FL,6/5/2020,-23
GA,6/5/2020,-15
HI,6/5/2020,-35
ID,6/5/2020,-2
IL,6/5/2020,-22
IN,6/5/2020,-6
IA,6/5/2020,-6
KS,6/5/2020,-3
KY,6/5/2020,-10
LA,6/5/2020,-13
ME,6/5/2020,-12
MD,6/5/2020,-27
MA,6/5/2020,-31
MI,6/5/2020,-24
MN,6/5/2020,-17
MS,6/5/2020,-7
MO,6/5/2020,-3
MT,6/5/2020,-1
NE,6/5/2020,-9
NV,6/5/2020,-20
NH,6/5/2020,-11
NJ,6/5/2020,-41
NM,6/5/2020,-15
NY,6/5/2020,-44
NC,6/5/2020,-12
ND,6/5/2020,-7
OH,6/5/2020,-11
OK,6/5/2020,-2
OR,6/5/2020,-19
PA,6/5/2020,-24
RI,6/5/2020,-15
SC,6/5/2020,-5
SD,6/5/2020,0
TN,6/5/2020,-8
TX,6/5/2020,-14
UT,6/5/2020,-13
VT,6/5/2020,-21
VA,6/5/2020,-22
WA,6/5/2020,-26
WV,6/5/2020,-6
WI,6/5/2020,-11
WY,6/5/2020,-1
AL,6/6/2020,-11
AK,6/6/2020,2
AZ,6/6/2020,-23
AR,6/6/2020,-9
CA,6/6/2020,-37
CO,6/6/2020,-26
CT,6/6/2020,-17
DE,6/6/2020,-12
DC,6/6/2020,-53
FL,6/6/2020,-28
GA,6/6/2020,-15
HI,6/6/2020,-38
ID,6/6/2020,-7
IL,6/6/2020,-23
IN,6/6/2020,-6
IA,6/6/2020,-13
KS,6/6/2020,-16
KY,6/6/2020,-11
LA,6/6/2020,-19
ME,6/6/2020,-20
MD,6/6/2020,-24
MA,6/6/2020,-35
MI,6/6/2020,-23
MN,6/6/2020,-26
MS,6/6/2020,-5
MO,6/6/2020,-14
MT,6/6/2020,-6
NE,6/6/2020,-16
NV,6/6/2020,-22
NH,6/6/2020,-14
NJ,6/6/2020,-38
NM,6/6/2020,-21
NY,6/6/2020,-42
NC,6/6/2020,-15
ND,6/6/2020,-17
OH,6/6/2020,-12
OK,6/6/2020,-7
OR,6/6/2020,-25
PA,6/6/2020,-25
RI,6/6/2020,-17
SC,6/6/2020,-8
SD,6/6/2020,-10
TN,6/6/2020,-8
TX,6/6/2020,-18
UT,6/6/2020,-22
VT,6/6/2020,-23
VA,6/6/2020,-23
WA,6/6/2020,-30
WV,6/6/2020,-4
WI,6/6/2020,-11
WY,6/6/2020,-7
AL,6/7/2020,-15
AK,6/7/2020,15
AZ,6/7/2020,-19
AR,6/7/2020,-4
CA,6/7/2020,-35
CO,6/7/2020,-14
CT,6/7/2020,-13
DE,6/7/2020,-9
DC,6/7/2020,-51
FL,6/7/2020,-27
GA,6/7/2020,-16
HI,6/7/2020,-39
ID,6/7/2020,3
IL,6/7/2020,-21
IN,6/7/2020,-3
IA,6/7/2020,-2
KS,6/7/2020,-2
KY,6/7/2020,-7
LA,6/7/2020,-35
ME,6/7/2020,-6
MD,6/7/2020,-21
MA,6/7/2020,-31
MI,6/7/2020,-13
MN,6/7/2020,-16
MS,6/7/2020,-15
MO,6/7/2020,-4
MT,6/7/2020,5
NE,6/7/2020,-9
NV,6/7/2020,-19
NH,6/7/2020,-7
NJ,6/7/2020,-36
NM,6/7/2020,-15
NY,6/7/2020,-37
NC,6/7/2020,-13
ND,6/7/2020,-4
OH,6/7/2020,-5
OK,6/7/2020,-1
OR,6/7/2020,-19
PA,6/7/2020,-17
RI,6/7/2020,-7
SC,6/7/2020,-4
SD,6/7/2020,9
TN,6/7/2020,-5
TX,6/7/2020,-15
UT,6/7/2020,-14
VT,6/7/2020,-14
VA,6/7/2020,-19
WA,6/7/2020,-20
WV,6/7/2020,5
WI,6/7/2020,0
WY,6/7/2020,5
AL,6/8/2020,-10
AK,6/8/2020,3
AZ,6/8/2020,-14
AR,6/8/2020,-10
CA,6/8/2020,-32
CO,6/8/2020,-13
CT,6/8/2020,-10
DE,6/8/2020,-6
DC,6/8/2020,-51
FL,6/8/2020,-22
GA,6/8/2020,-12
HI,6/8/2020,-36
ID,6/8/2020,4
IL,6/8/2020,-17
IN,6/8/2020,1
IA,6/8/2020,-5
KS,6/8/2020,-6
KY,6/8/2020,-5
LA,6/8/2020,-21
ME,6/8/2020,-5
MD,6/8/2020,-19
MA,6/8/2020,-22
MI,6/8/2020,-8
MN,6/8/2020,-12
MS,6/8/2020,-8
MO,6/8/2020,-5
MT,6/8/2020,6
NE,6/8/2020,-4
NV,6/8/2020,-15
NH,6/8/2020,-1
NJ,6/8/2020,-33
NM,6/8/2020,-10
NY,6/8/2020,-36
NC,6/8/2020,-9
ND,6/8/2020,3
OH,6/8/2020,-3
OK,6/8/2020,0
OR,6/8/2020,-14
PA,6/8/2020,-14
RI,6/8/2020,-3
SC,6/8/2020,-2
SD,6/8/2020,6
TN,6/8/2020,-4
TX,6/8/2020,-13
UT,6/8/2020,-9
VT,6/8/2020,-11
VA,6/8/2020,-16
WA,6/8/2020,-20
WV,6/8/2020,3
WI,6/8/2020,-4
WY,6/8/2020,6
AL,6/9/2020,-8
AK,6/9/2020,7
AZ,6/9/2020,-15
AR,6/9/2020,0
CA,6/9/2020,-32
CO,6/9/2020,-15
CT,6/9/2020,-11
DE,6/9/2020,-4
DC,6/9/2020,-51
FL,6/9/2020,-20
GA,6/9/2020,-11
HI,6/9/2020,-35
ID,6/9/2020,3
IL,6/9/2020,-22
IN,6/9/2020,-5
IA,6/9/2020,-14
KS,6/9/2020,-5
KY,6/9/2020,-7
LA,6/9/2020,-7
ME,6/9/2020,-7
MD,6/9/2020,-17
MA,6/9/2020,-25
MI,6/9/2020,-11
MN,6/9/2020,-16
MS,6/9/2020,2
MO,6/9/2020,-7
MT,6/9/2020,4
NE,6/9/2020,-12
NV,6/9/2020,-12
NH,6/9/2020,-5
NJ,6/9/2020,-32
NM,6/9/2020,-10
NY,6/9/2020,-36
NC,6/9/2020,-9
ND,6/9/2020,0
OH,6/9/2020,-4
OK,6/9/2020,1
OR,6/9/2020,-16
PA,6/9/2020,-14
RI,6/9/2020,-3
SC,6/9/2020,0
SD,6/9/2020,1
TN,6/9/2020,-3
TX,6/9/2020,-12
UT,6/9/2020,-7
VT,6/9/2020,-13
VA,6/9/2020,-15
WA,6/9/2020,-21
WV,6/9/2020,6
WI,6/9/2020,-12
WY,6/9/2020,5
AL,6/10/2020,-1
AK,6/10/2020,13
AZ,6/10/2020,-16
AR,6/10/2020,3
CA,6/10/2020,-31
CO,6/10/2020,-11
CT,6/10/2020,-11
DE,6/10/2020,-7
DC,6/10/2020,-53
FL,6/10/2020,-20
GA,6/10/2020,-11
HI,6/10/2020,-35
ID,6/10/2020,6
IL,6/10/2020,-18
IN,6/10/2020,-1
IA,6/10/2020,-5
KS,6/10/2020,0
KY,6/10/2020,-4
LA,6/10/2020,-6
ME,6/10/2020,-6
MD,6/10/2020,-19
MA,6/10/2020,-23
MI,6/10/2020,-14
MN,6/10/2020,-7
MS,6/10/2020,7
MO,6/10/2020,5
MT,6/10/2020,7
NE,6/10/2020,-2
NV,6/10/2020,-13
NH,6/10/2020,-2
NJ,6/10/2020,-33
NM,6/10/2020,-9
NY,6/10/2020,-35
NC,6/10/2020,-10
ND,6/10/2020,4
OH,6/10/2020,-5
OK,6/10/2020,7
OR,6/10/2020,-11
PA,6/10/2020,-16
RI,6/10/2020,-4
SC,6/10/2020,-3
SD,6/10/2020,8
TN,6/10/2020,0
TX,6/10/2020,-9
UT,6/10/2020,-5
VT,6/10/2020,-13
VA,6/10/2020,-15
WA,6/10/2020,-18
WV,6/10/2020,2
WI,6/10/2020,-8
WY,6/10/2020,8
AL,6/11/2020,-3
AK,6/11/2020,9
AZ,6/11/2020,-17
AR,6/11/2020,1
CA,6/11/2020,-31
CO,6/11/2020,-12
CT,6/11/2020,-20
DE,6/11/2020,-9
DC,6/11/2020,-54
FL,6/11/2020,-20
GA,6/11/2020,-9
HI,6/11/2020,-34
ID,6/11/2020,5
IL,6/11/2020,-15
IN,6/11/2020,1
IA,6/11/2020,-5
KS,6/11/2020,-6
KY,6/11/2020,-4
LA,6/11/2020,-6
ME,6/11/2020,-12
MD,6/11/2020,-21
MA,6/11/2020,-29
MI,6/11/2020,-5
MN,6/11/2020,-10
MS,6/11/2020,2
MO,6/11/2020,-3
MT,6/11/2020,8
NE,6/11/2020,-6
NV,6/11/2020,-16
NH,6/11/2020,-8
NJ,6/11/2020,-37
NM,6/11/2020,-10
NY,6/11/2020,-38
NC,6/11/2020,-11
ND,6/11/2020,4
OH,6/11/2020,-1
OK,6/11/2020,3
OR,6/11/2020,-14
PA,6/11/2020,-16
RI,6/11/2020,-14
SC,6/11/2020,-3
SD,6/11/2020,6
TN,6/11/2020,0
TX,6/11/2020,-10
UT,6/11/2020,-7
VT,6/11/2020,-14
VA,6/11/2020,-17
WA,6/11/2020,-20
WV,6/11/2020,2
WI,6/11/2020,-3
WY,6/11/2020,9
AL,6/12/2020,-7
AK,6/12/2020,6
AZ,6/12/2020,-20
AR,6/12/2020,-3
CA,6/12/2020,-32
CO,6/12/2020,-16
CT,6/12/2020,-14
DE,6/12/2020,-8
DC,6/12/2020,-52
FL,6/12/2020,-20
GA,6/12/2020,-13
HI,6/12/2020,-36
ID,6/12/2020,-1
IL,6/12/2020,-19
IN,6/12/2020,-4
IA,6/12/2020,-2
KS,6/12/2020,-2
KY,6/12/2020,-8
LA,6/12/2020,-12
ME,6/12/2020,-11
MD,6/12/2020,-20
MA,6/12/2020,-25
MI,6/12/2020,-16
MN,6/12/2020,-13
MS,6/12/2020,-4
MO,6/12/2020,0
MT,6/12/2020,0
NE,6/12/2020,-7
NV,6/12/2020,-19
NH,6/12/2020,-10
NJ,6/12/2020,-34
NM,6/12/2020,-14
NY,6/12/2020,-37
NC,6/12/2020,-11
ND,6/12/2020,-5
OH,6/12/2020,-8
OK,6/12/2020,-3
OR,6/12/2020,-20
PA,6/12/2020,-19
RI,6/12/2020,-8
SC,6/12/2020,-6
SD,6/12/2020,2
TN,6/12/2020,-5
TX,6/12/2020,-13
UT,6/12/2020,-13
VT,6/12/2020,-16
VA,6/12/2020,-17
WA,6/12/2020,-24
WV,6/12/2020,-5
WI,6/12/2020,-8
WY,6/12/2020,4
AL,6/13/2020,-9
AK,6/13/2020,5
AZ,6/13/2020,-23
AR,6/13/2020,-8
CA,6/13/2020,-34
CO,6/13/2020,-22
CT,6/13/2020,-14
DE,6/13/2020,-5
DC,6/13/2020,-55
FL,6/13/2020,-23
GA,6/13/2020,-13
HI,6/13/2020,-37
ID,6/13/2020,-7
IL,6/13/2020,-20
IN,6/13/2020,-4
IA,6/13/2020,-9
KS,6/13/2020,-14
KY,6/13/2020,-9
LA,6/13/2020,-16
ME,6/13/2020,-14
MD,6/13/2020,-20
MA,6/13/2020,-26
MI,6/13/2020,-14
MN,6/13/2020,-19
MS,6/13/2020,-3
MO,6/13/2020,-10
MT,6/13/2020,-2
NE,6/13/2020,-14
NV,6/13/2020,-20
NH,6/13/2020,-11
NJ,6/13/2020,-34
NM,6/13/2020,-19
NY,6/13/2020,-35
NC,6/13/2020,-13
ND,6/13/2020,-13
OH,6/13/2020,-10
OK,6/13/2020,-7
OR,6/13/2020,-22
PA,6/13/2020,-20
RI,6/13/2020,-9
SC,6/13/2020,-6
SD,6/13/2020,-4
TN,6/13/2020,-6
TX,6/13/2020,-17
UT,6/13/2020,-20
VT,6/13/2020,-21
VA,6/13/2020,-19
WA,6/13/2020,-27
WV,6/13/2020,-4
WI,6/13/2020,-8
WY,6/13/2020,1
AL,6/14/2020,-8
AK,6/14/2020,18
AZ,6/14/2020,-20
AR,6/14/2020,-3
CA,6/14/2020,-32
CO,6/14/2020,-13
CT,6/14/2020,-12
DE,6/14/2020,-2
DC,6/14/2020,-52
FL,6/14/2020,-22
GA,6/14/2020,-15
HI,6/14/2020,-37
ID,6/14/2020,11
IL,6/14/2020,-18
IN,6/14/2020,0
IA,6/14/2020,1
KS,6/14/2020,0
KY,6/14/2020,-8
LA,6/14/2020,-13
ME,6/14/2020,1
MD,6/14/2020,-19
MA,6/14/2020,-21
MI,6/14/2020,-5
MN,6/14/2020,-10
MS,6/14/2020,-1
MO,6/14/2020,0
MT,6/14/2020,8
NE,6/14/2020,-8
NV,6/14/2020,-17
NH,6/14/2020,-3
NJ,6/14/2020,-34
NM,6/14/2020,-13
NY,6/14/2020,-34
NC,6/14/2020,-12
ND,6/14/2020,-3
OH,6/14/2020,-4
OK,6/14/2020,-2
OR,6/14/2020,-14
PA,6/14/2020,-14
RI,6/14/2020,-1
SC,6/14/2020,-4
SD,6/14/2020,13
TN,6/14/2020,-4
TX,6/14/2020,-14
UT,6/14/2020,-4
VT,6/14/2020,-14
VA,6/14/2020,-17
WA,6/14/2020,-16
WV,6/14/2020,0
WI,6/14/2020,2
WY,6/14/2020,15
AL,6/15/2020,-3
AK,6/15/2020,14
AZ,6/15/2020,-17
AR,6/15/2020,-1
CA,6/15/2020,-29
CO,6/15/2020,-10
CT,6/15/2020,-8
DE,6/15/2020,0
DC,6/15/2020,-51
FL,6/15/2020,-19
GA,6/15/2020,-11
HI,6/15/2020,-35
ID,6/15/2020,7
IL,6/15/2020,-15
IN,6/15/2020,3
IA,6/15/2020,-2
KS,6/15/2020,-4
KY,6/15/2020,-3
LA,6/15/2020,-9
ME,6/15/2020,-1
MD,6/15/2020,-16
MA,6/15/2020,-18
MI,6/15/2020,-2
MN,6/15/2020,-7
MS,6/15/2020,5
MO,6/15/2020,-1
MT,6/15/2020,11
NE,6/15/2020,-2
NV,6/15/2020,-15
NH,6/15/2020,2
NJ,6/15/2020,-26
NM,6/15/2020,-9
NY,6/15/2020,-32
NC,6/15/2020,-13
ND,6/15/2020,5
OH,6/15/2020,-3
OK,6/15/2020,1
OR,6/15/2020,-13
PA,6/15/2020,-12
RI,6/15/2020,-2
SC,6/15/2020,-1
SD,6/15/2020,11
TN,6/15/2020,1
TX,6/15/2020,-12
UT,6/15/2020,-5
VT,6/15/2020,-6
VA,6/15/2020,-17
WA,6/15/2020,-18
WV,6/15/2020,1
WI,6/15/2020,-2
WY,6/15/2020,13
