Date,AK,AL,AR,AZ,CA,CO,CT,DC,DE,FL,GA,HI,IA,ID,IL,IN,KS,KY,LA,MA,MD,ME,MI,MN,MO,MS,MT,NC,ND,NE,NH,NJ,NM,NV,NY,OH,OK,OR,PA,RI,SC,SD,TN,TX,UT,VA,VT,WA,WI,WV,WY
3/15/2020,5,-7,-5,-2,-16,-14,-13,-35,-7,-9,-12,-8,0,2,-8,-7,-6,-11,-5,-15,-13,0,-11,-5,-2,2,-14,-8,-8,-12,-6,-14,-7,-6,-14,-9,-5,-11,-8,-13,2,-8,-8,-9,-6,-14,-8,-10,-5,-3,-4
3/16/2020,1,-2,-6,0,-12,-7,-7,-31,0,-6,-8,-10,-3,2,-10,-5,-7,-8,-3,-12,-7,-7,-17,-5,-2,4,-2,-4,-4,-5,-1,-10,-2,-5,-15,-16,-2,-5,-6,-8,-1,-7,-4,-4,-7,-7,-5,-13,-10,-1,1
3/17/2020,-14,-11,-10,-9,-23,-24,-27,-40,-17,-11,-14,-18,-21,-7,-23,-21,-13,-19,-18,-32,-20,-24,-29,-18,-10,-3,-19,-13,-10,-17,-22,-27,-11,-12,-31,-25,-10,-22,-28,-31,-8,-8,-10,-12,-18,-13,-24,-26,-20,-5,-7
3/18/2020,-19,-13,-12,-23,-29,-26,-27,-45,-23,-19,-18,-20,-32,-12,-34,-27,-16,-24,-20,-31,-23,-25,-33,-34,-12,-5,-27,-22,-19,-22,-23,-30,-15,-27,-33,-29,-12,-25,-33,-28,-19,-14,-15,-16,-26,-21,-30,-28,-34,-18,-13
3/19/2020,-26,-20,-18,-22,-32,-46,-33,-46,-26,-23,-21,-23,-37,-15,-34,-28,-23,-28,-25,-39,-24,-35,-34,-41,-25,-13,-29,-23,-30,-33,-33,-35,-24,-36,-39,-32,-20,-28,-35,-36,-22,-29,-17,-22,-30,-23,-37,-31,-39,-22,-31
3/20/2020,-28,-27,-23,-28,-40,-42,-32,-50,-25,-29,-24,-31,-35,-21,-33,-30,-24,-29,-32,-34,-27,-38,-41,-38,-24,-23,-33,-25,-40,-33,-33,-35,-28,-38,-40,-35,-26,-32,-39,-32,-25,-26,-27,-30,-33,-26,-41,-33,-40,-30,-38
3/21/2020,-37,-35,-33,-36,-48,-43,-38,-60,-34,-39,-31,-40,-44,-29,-46,-39,-38,-38,-42,-42,-36,-41,-46,-49,-37,-30,-41,-32,-52,-38,-39,-42,-37,-46,-46,-44,-35,-40,-48,-39,-32,-33,-33,-40,-40,-37,-46,-43,-48,-35,-39
3/22/2020,-30,-40,-41,-37,-50,-41,-43,-60,-38,-43,-39,-42,-46,-22,-63,-46,-35,-40,-40,-46,-40,-38,-47,-48,-40,-36,-39,-39,-49,-40,-41,-57,-36,-46,-54,-38,-38,-37,-47,-42,-39,-31,-37,-41,-33,-38,-47,-38,-50,-40,-38
3/23/2020,-36,-33,-29,-31,-41,-31,-47,-59,-31,-37,-35,-38,-39,-24,-50,-30,-28,-30,-35,-40,-35,-37,-34,-39,-33,-26,-32,-32,-37,-30,-38,-56,-26,-41,-62,-33,-28,-38,-50,-42,-34,-23,-32,-31,-31,-34,-44,-36,-36,-34,-28
3/24/2020,-37,-32,-30,-32,-42,-35,-43,-55,-42,-38,-35,-45,-41,-26,-47,-34,-36,-39,-43,-49,-38,-43,-59,-41,-44,-28,-35,-31,-41,-32,-42,-46,-39,-40,-53,-51,-25,-47,-45,-40,-36,-28,-39,-30,-33,-31,-46,-41,-47,-36,-31
3/25/2020,-40,-28,-25,-33,-42,-35,-46,-61,-47,-38,-33,-50,-39,-27,-43,-45,-34,-33,-39,-52,-44,-40,-53,-37,-33,-24,-37,-28,-39,-30,-38,-51,-41,-41,-56,-43,-21,-45,-49,-43,-30,-35,-33,-39,-34,-39,-39,-44,-52,-46,-35
3/26/2020,-40,-30,-24,-34,-42,-50,-41,-58,-38,-40,-34,-51,-40,-40,-47,-43,-40,-33,-39,-47,-36,-40,-56,-37,-39,-26,-33,-35,-38,-34,-34,-46,-41,-42,-52,-42,-29,-46,-44,-38,-31,-37,-31,-38,-36,-35,-53,-49,-51,-40,-36
3/27/2020,-42,-30,-28,-38,-44,-53,-42,-59,-40,-44,-35,-52,-40,-43,-48,-45,-37,-36,-42,-48,-39,-44,-58,-40,-37,-29,-35,-35,-40,-34,-37,-48,-43,-43,-54,-46,-34,-50,-46,-39,-32,-36,-34,-41,-38,-37,-53,-51,-51,-43,-42
3/28/2020,-47,-36,-39,-41,-50,-56,-48,-68,-51,-49,-39,-56,-48,-47,-53,-49,-45,-38,-47,-52,-48,-46,-63,-65,-46,-34,-59,-40,-48,-44,-51,-59,-47,-47,-61,-50,-37,-55,-58,-46,-35,-49,-38,-47,-46,-42,-59,-55,-58,-42,-44
3/29/2020,-48,-41,-29,-40,-50,-51,-56,-64,-47,-50,-42,-56,-43,-42,-53,-48,-36,-37,-45,-59,-45,-50,-58,-58,-38,-32,-51,-40,-44,-34,-58,-59,-44,-47,-62,-43,-36,-51,-50,-55,-38,-35,-35,-45,-41,-39,-62,-48,-55,-38,-37
3/30/2020,-40,-33,-31,-30,-40,-44,-43,-57,-37,-42,-34,-49,-34,-38,-43,-38,-41,-33,-40,-49,-26,-46,-54,-44,-36,-26,-42,-34,-37,-30,-43,-49,-37,-40,-55,-41,-37,-44,-45,-45,-30,-31,-31,-41,-36,-32,-51,-45,-45,-34,-31
3/31/2020,-37,-36,-26,-33,-40,-40,-42,-61,-39,-42,-37,-48,-37,-38,-44,-41,-35,-37,-37,-46,-48,-38,-53,-42,-34,-26,-45,-40,-40,-29,-39,-49,-34,-37,-55,-41,-29,-41,-45,-41,-32,-32,-36,-35,-34,-40,-47,-42,-47,-37,-31
4/1/2020,-35,-25,-19,-38,-39,-41,-40,-58,-36,-37,-30,-48,-34,-35,-41,-37,-33,-32,-32,-46,-43,-33,-50,-41,-27,-15,-47,-38,-41,-27,-39,-47,-33,-37,-52,-37,-22,-39,-43,-41,-30,-32,-31,-33,-34,-38,-47,-40,-43,-34,-33
4/10/2020,-40,-34,-25,-38,-47,-43,-45,-65,-42,-47,-37,-52,-36,-35,-44,-39,-33,-36,-44,-50,-43,-47,-57,-41,-34,-32,-38,-36,-40,-34,-43,-62,-39,-44,-65,-41,-30,-41,-49,-44,-37,-33,-36,-39,-37,-39,-55,-42,-46,-42,-33
4/11/2020,-41,-39,-35,-43,-48,-46,-44,-69,-41,-49,-40,-55,-44,-40,-46,-40,-41,-39,-45,-49,-43,-43,-58,-44,-44,-35,-55,-40,-48,-39,-42,-61,-46,-45,-62,-41,-38,-45,-47,-45,-41,-47,-40,-45,-42,-40,-54,-47,-47,-38,-41
4/12/2020,-55,-64,-53,-57,-62,-69,-65,-72,-65,-66,-63,-67,-67,-51,-64,-62,-61,-60,-64,-67,-60,-73,-74,-77,-62,-63,-67,-61,-69,-69,-65,-76,-60,-61,-75,-65,-54,-56,-70,-63,-64,-73,-65,-57,-54,-59,-75,-56,-70,-62,-64
4/13/2020,-36,-31,-26,-39,-45,-53,-57,-67,-50,-47,-38,-55,-40,-33,-46,-39,-40,-37,-38,-58,-49,-45,-57,-45,-39,-27,-38,-39,-44,-35,-46,-70,-44,-46,-70,-43,-34,-38,-53,-56,-36,-41,-33,-38,-38,-44,-53,-40,-47,-39,-39
4/14/2020,-32,-30,-25,-37,-43,-45,-39,-62,-36,-46,-34,-54,-41,-32,-45,-37,-37,-34,-35,-45,-39,-36,-53,-45,-37,-24,-38,-33,-44,-36,-35,-58,-37,-44,-60,-38,-33,-36,-43,-35,-29,-40,-31,-36,-32,-36,-48,-39,-46,-34,-36
4/15/2020,-25,-19,-10,-31,-45,-38,-36,-61,-34,-42,-27,-51,-32,-25,-41,-30,-26,-24,-25,-45,-37,-33,-48,-38,-22,-12,-35,-28,-33,-25,-31,-56,-28,-38,-59,-31,-15,-32,-38,-36,-25,-32,-21,-29,-31,-33,-42,-34,-39,-24,-29
4/16/2020,-29,-26,-15,-33,-54,-53,-40,-64,-36,-44,-30,-51,-37,-26,-40,-31,-36,-28,-30,-47,-38,-37,-48,-40,-32,-19,-35,-29,-35,-43,-36,-58,-31,-40,-61,-33,-20,-34,-42,-37,-26,-33,-25,-32,-34,-34,-47,-35,-40,-29,-40
4/17/2020,-32,-29,-23,-37,-56,-43,-42,-64,-40,-44,-33,-52,-36,-30,-47,-41,-34,-34,-36,-48,-40,-40,-57,-40,-34,-27,-37,-31,-38,-33,-39,-59,-35,-44,-62,-43,-30,-38,-47,-39,-30,-32,-30,-37,-35,-36,-50,-40,-43,-36,-33
4/18/2020,-33,-33,-25,-40,-59,-47,-51,-70,-45,-49,-36,-55,-38,-33,-42,-35,-39,-34,-43,-59,-45,-46,-53,-43,-37,-29,-42,-36,-43,-33,-49,-64,-42,-47,-65,-38,-30,-45,-49,-54,-34,-37,-33,-41,-38,-43,-54,-47,-42,-36,-32
4/19/2020,-28,-45,-31,-38,-59,-43,-41,-67,-42,-48,-50,-56,-31,-21,-43,-36,-30,-36,-44,-45,-45,-31,-50,-39,-32,-42,-36,-38,-38,-31,-37,-62,-37,-46,-62,-38,-31,-38,-45,-38,-41,-34,-38,-42,-33,-40,-48,-37,-39,-31,-30
4/2/2020,-42,-32,-24,-38,-41,-48,-44,-61,-37,-39,-29,-50,-39,-38,-42,-36,-41,-33,-38,-50,-42,-56,-49,-46,-36,-21,-45,-37,-55,-40,-44,-51,-34,-40,-54,-37,-30,-42,-45,-44,-33,-50,-33,-39,-37,-38,-54,-44,-44,-35,-44
4/20/2020,-25,-23,-16,-33,-54,-37,-39,-62,-37,-44,-31,-51,-31,-21,-37,-25,-30,-25,-31,-45,-39,-31,-44,-38,-29,-18,-28,-34,-34,-24,-32,-58,-30,-42,-59,-30,-20,-31,-41,-37,-30,-28,-25,-33,-27,-38,-40,-34,-38,-26,-22
4/21/2020,-27,-23,-15,-34,-53,-38,-46,-63,-38,-41,-30,-52,-32,-23,-38,-27,-27,-26,-26,-50,-39,-37,-49,-36,-28,-15,-31,-29,-34,-25,-38,-60,-30,-39,-63,-33,-21,-35,-44,-43,-25,-27,-24,-32,-28,-34,-46,-37,-39,-27,-21
4/22/2020,-24,-23,-25,-34,-53,-38,-40,-61,-35,-41,-30,-51,-31,-25,-40,-28,-33,-26,-30,-47,-36,-39,-48,-33,-28,-18,-32,-29,-32,-25,-35,-56,-31,-39,-60,-32,-28,-38,-41,-38,-25,-25,-26,-34,-27,-32,-46,-40,-39,-27,-24
4/23/2020,-27,-35,-18,-34,-53,-39,-41,-65,-38,-43,-40,-52,-32,-29,-41,-34,-31,-36,-33,-45,-40,-35,-49,-38,-33,-25,-36,-36,-33,-27,-33,-58,-30,-41,-60,-35,-17,-37,-43,-37,-34,-29,-32,-31,-31,-38,-42,-39,-41,-32,-30
4/24/2020,-28,-26,-20,-36,-54,-40,-45,-65,-42,-47,-31,-51,-32,-30,-42,-32,-34,-30,-33,-51,-42,-39,-50,-38,-30,-23,-35,-31,-35,-30,-39,-62,-33,-42,-63,-34,-24,-40,-47,-45,-29,-29,-30,-33,-31,-38,-46,-40,-42,-36,-31
4/25/2020,-25,-31,-23,-40,-56,-41,-37,-68,-37,-45,-32,-51,-35,-31,-48,-36,-35,-35,-37,-45,-41,-37,-50,-40,-39,-26,-37,-37,-39,-33,-37,-57,-38,-45,-57,-34,-25,-43,-43,-38,-32,-35,-36,-37,-35,-41,-45,-45,-43,-33,-27
4/26/2020,-17,-30,-18,-37,-56,-39,-50,-69,-48,-47,-34,-53,-26,-18,-39,-33,-25,-38,-33,-53,-49,-35,-42,-35,-25,-22,-28,-35,-33,-26,-41,-67,-34,-44,-66,-40,-22,-36,-51,-48,-30,-20,-34,-35,-26,-41,-48,-36,-33,-35,-25
4/27/2020,-14,-20,-14,-31,-51,-31,-40,-62,-36,-38,-25,-49,-25,-21,-37,-21,-25,-20,-26,-50,-38,-40,-37,-29,-25,-12,-24,-25,-26,-20,-37,-57,-27,-38,-59,-25,-17,-32,-38,-41,-20,-19,-18,-29,-24,-33,-42,-34,-36,-22,-19
4/28/2020,-15,-21,-15,-32,-51,-32,-33,-62,-31,-38,-24,-48,-29,-19,-36,-22,-26,-21,-30,-43,-36,-33,-35,-37,-26,-14,-23,-24,-29,-24,-30,-51,-27,-35,-54,-26,-20,-31,-35,-32,-19,-24,-18,-30,-24,-32,-37,-33,-37,-20,-21
4/29/2020,-12,-22,-9,-31,-49,-31,-37,-58,-32,-38,-27,-49,-29,-20,-41,-27,-24,-24,-26,-41,-33,-27,-40,-31,-21,-11,-22,-25,-26,-23,-26,-54,-26,-36,-56,-28,-9,-31,-35,-31,-21,-20,-20,-27,-23,-29,-36,-33,-39,-19,-18
4/3/2020,-42,-29,-28,-38,-42,-47,-46,-60,-40,-47,-37,-49,-41,-39,-43,-36,-42,-32,-39,-54,-41,-53,-52,-50,-36,-28,-44,-34,-49,-40,-47,-62,-35,-41,-57,-38,-37,-44,-46,-49,-32,-41,-37,-41,-38,-38,-54,-45,-46,-35,-37
4/30/2020,-16,-18,-8,-30,-47,-32,-42,-66,-38,-40,-23,-48,-25,-22,-35,-27,-24,-24,-22,-47,-44,-33,-39,-30,-21,-10,-23,-29,-24,-22,-35,-56,-25,-36,-58,-29,-10,-31,-42,-39,-21,-17,-18,-25,-24,-38,-43,-33,-32,-22,-20
4/4/2020,-47,-41,-42,-44,-50,-50,-47,-67,-47,-53,-50,-55,-45,-46,-51,-45,-50,-39,-50,-53,-47,-54,-60,-51,-48,-47,-49,-41,-53,-43,-48,-64,-44,-48,-58,-43,-46,-51,-53,-50,-40,-45,-45,-52,-49,-45,-58,-50,-51,-40,-42
4/5/2020,-41,-50,-36,-43,-53,-47,-50,-66,-47,-57,-50,-55,-39,-40,-50,-45,-43,-39,-46,-53,-47,-50,-55,-46,-43,-43,-45,-43,-50,-40,-48,-66,-41,-49,-59,-46,-41,-46,-50,-50,-42,-38,-43,-48,-42,-44,-58,-46,-47,-40,-39
4/6/2020,-37,-37,-29,-38,-46,-41,-39,-60,-37,-47,-40,-51,-39,-34,-44,-36,-40,-33,-40,-44,-40,-42,-51,-43,-43,-32,-37,-36,-40,-33,-36,-58,-34,-43,-53,-37,-33,-40,-43,-39,-33,-32,-35,-41,-37,-38,-46,-40,-45,-35,-32
4/7/2020,-38,-39,-30,-38,-47,-41,-41,-63,-39,-46,-40,-50,-38,-33,-41,-35,-35,-33,-41,-46,-41,-43,-54,-41,-39,-35,-38,-36,-40,-31,-38,-57,-36,-42,-60,-41,-31,-39,-44,-40,-36,-31,-36,-38,-35,-37,-48,-40,-42,-36,-32
4/8/2020,-38,-36,-25,-39,-47,-41,-46,-62,-38,-46,-39,-52,-39,-32,-44,-35,-33,-34,-39,-51,-40,-41,-49,-42,-33,-31,-37,-36,-42,-33,-40,-58,-37,-43,-62,-36,-27,-38,-44,-46,-41,-37,-35,-38,-33,-38,-50,-40,-47,-38,-32
4/9/2020,-38,-35,-25,-37,-49,-42,-48,-64,-39,-46,-37,-50,-42,-32,-44,-37,-38,-35,-38,-54,-42,-51,-53,-45,-39,-30,-35,-35,-40,-36,-47,-61,-36,-43,-65,-39,-29,-39,-46,-49,-38,-38,-33,-39,-34,-38,-55,-40,-46,-37,-32
5/1/2020,-16,-16,-8,-31,-47,-31,-37,-59,-33,-36,-21,-47,-21,-18,-34,-23,-20,-20,-24,-45,-34,-38,-37,-32,-18,-12,-23,-23,-22,-20,-35,-53,-27,-37,-55,-28,-10,-32,-37,-35,-19,-17,-17,-26,-26,-30,-41,-33,-34,-24,-20
5/10/2020,2,-19,-8,-29,-47,-25,-29,-60,-27,-35,-20,-44,-21,-4,-38,-25,-12,-20,-26,-37,-30,-18,-33,-30,-13,-11,-5,-23,-11,-15,-28,-47,-29,-33,-50,-27,-7,-25,-30,-26,-17,-6,-12,-22,-13,-29,-37,-22,-35,-13,-9
5/11/2020,-6,-11,-9,-25,-45,-31,-35,-62,-31,-31,-19,-48,-24,-13,-36,-17,-27,-22,-22,-43,-36,-25,-36,-30,-18,-4,-12,-21,-14,-19,-27,-51,-28,-33,-55,-30,-11,-30,-38,-33,-13,-15,-10,-21,-17,-31,-39,-32,-31,-21,-14
5/12/2020,-4,-9,-13,-24,-45,-27,-30,-59,-27,-30,-17,-46,-25,-15,-32,-14,-22,-19,-19,-38,-31,-24,-29,-28,-20,-3,-14,-20,-16,-18,-23,-47,-24,-30,-50,-21,-12,-31,-31,-26,-11,-16,-11,-22,-18,-28,-33,-31,-29,-11,-13
5/13/2020,0,-5,-3,-24,-44,-25,-29,-57,-26,-29,-16,-45,-24,-14,-31,-12,-21,-21,-18,-36,-30,-22,-24,-30,-12,1,-10,-22,-13,-20,-19,-44,-23,-28,-48,-18,-4,-30,-29,-25,-12,-15,-9,-18,-16,-27,-31,-31,-27,-11,-12
5/14/2020,-6,-10,-7,-24,-45,-26,-29,-59,-26,-31,-17,-46,-25,-16,-37,-17,-20,-18,-26,-36,-31,-22,-36,-30,-17,-8,-8,-22,-12,-20,-20,-44,-23,-30,-49,-24,-5,-33,-31,-23,-13,-12,-9,-20,-17,-29,-31,-33,-28,-13,-13
5/15/2020,-5,-13,-13,-26,-45,-29,-31,-58,-27,-33,-19,-44,-16,-18,-34,-18,-17,-23,-24,-40,-30,-30,-36,-30,-13,-12,-14,-22,-14,-16,-27,-45,-26,-32,-50,-25,-15,-30,-33,-27,-13,-12,-13,-24,-20,-28,-38,-33,-26,-19,-13
5/16/2020,-7,-15,-16,-29,-47,-31,-29,-62,-29,-32,-20,-46,-22,-16,-35,-14,-25,-25,-28,-39,-32,-29,-34,-38,-21,-12,-13,-25,-20,-24,-25,-45,-31,-36,-47,-22,-13,-36,-34,-26,-14,-19,-14,-29,-25,-31,-37,-40,-27,-17,-11
5/17/2020,6,-18,-11,-25,-47,-25,-29,-63,-32,-33,-21,-46,-19,-2,-46,-21,-12,-24,-25,-37,-35,-16,-37,-39,-15,-12,-6,-24,-8,-20,-22,-46,-27,-35,-47,-20,-5,-28,-31,-24,-12,-5,-14,-22,-13,-30,-28,-30,-36,-10,-3
5/18/2020,0,-8,-2,-19,-43,-20,-26,-59,-25,-31,-18,-44,-15,-3,-31,-10,-12,-22,-13,-35,-31,-16,-34,-23,-10,0,-3,-21,-3,-11,-15,-42,-19,-28,-47,-21,-1,-26,-26,-23,-10,-4,-8,-17,-11,-30,-19,-28,-24,-9,0
5/19/2020,0,-6,-2,-18,-42,-20,-25,-57,-22,-26,-13,-42,-17,-4,-33,-11,-8,-20,-11,-33,-26,-15,-27,-21,-10,0,-4,-25,-5,-12,-13,-42,-18,-25,-44,-18,0,-24,-24,-19,-9,-4,-7,-15,-12,-26,-20,-28,-23,-9,0
5/2/2020,-15,-21,-15,-36,-50,-38,-32,-62,-32,-40,-23,-50,-28,-23,-35,-24,-30,-24,-30,-41,-34,-31,-38,-35,-28,-16,-23,-27,-27,-29,-32,-50,-35,-41,-51,-28,-16,-41,-37,-33,-23,-24,-20,-30,-30,-33,-40,-43,-34,-22,-22
5/20/2020,3,-1,1,-16,-41,-19,-21,-58,-25,-25,-15,-41,-14,-4,-28,-9,-6,-15,-12,-31,-27,-15,-19,-19,-1,3,-3,-27,-4,-10,-9,-41,-17,-23,-43,-14,4,-23,-25,-17,-13,-5,-6,-14,-10,-27,-18,-30,-14,-12,-2
5/21/2020,-3,-5,-2,-15,-40,-19,-22,-58,-21,-26,-13,-42,-13,-2,-29,-8,-12,-16,-12,-30,-26,-13,-20,-23,-7,-1,-2,-25,-3,-14,-8,-39,-16,-24,-42,-12,-1,-24,-24,-17,-7,-4,-6,-14,-8,-27,-19,-30,-14,-9,0
5/22/2020,-3,-11,-7,-20,-41,-22,-23,-61,-30,-26,-16,-40,-11,-7,-30,-10,-8,-15,-18,-33,-33,-18,-31,-26,-5,-7,-7,-19,-10,-15,-12,-44,-21,-28,-45,-16,-6,-25,-32,-18,-9,-4,-11,-17,-15,-26,-22,-31,-19,-12,-5
5/23/2020,-8,-14,-11,-25,-44,-30,-32,-60,-28,-28,-18,-43,-19,-13,-34,-13,-20,-18,-25,-41,-29,-23,-31,-35,-15,-9,-13,-19,-20,-21,-19,-50,-30,-32,-50,-18,-11,-28,-34,-32,-9,-13,-11,-22,-22,-29,-25,-36,-22,-10,-9
5/24/2020,3,-13,-6,-20,-43,-31,-20,-60,-27,-30,-19,-41,-8,6,-30,-7,-7,-13,-19,-32,-32,-10,-20,-26,-8,-4,-2,-19,-10,-16,-9,-43,-24,-29,-43,-10,-5,-19,-27,-13,-7,6,-7,-22,-7,-29,-16,-24,-6,-4,-2
5/25/2020,-14,-20,-16,-20,-43,-21,-29,-62,-29,-34,-23,-42,-15,-2,-33,-10,-19,-15,-26,-36,-31,-23,-31,-26,-16,-16,-10,-19,-15,-19,-8,-44,-26,-29,-49,-19,-17,-25,-34,-18,-13,-6,-14,-22,-5,-28,-23,-35,-15,-14,-4
5/26/2020,3,-12,-6,-19,-40,-19,-23,-57,-23,-27,-17,-40,-15,-2,-27,-5,-12,-10,-16,-30,-25,-15,-21,-24,-11,-3,-1,-13,-6,-17,-10,-39,-18,-25,-43,-8,-4,-20,-24,-17,-6,-3,-7,-15,-11,-23,-16,-26,-13,1,1
5/27/2020,5,-9,-3,-19,-39,-19,-20,-57,-22,-24,-17,-40,-11,1,-27,-4,-8,-9,-10,-28,-25,-14,-21,-19,-4,1,0,-20,-1,-12,-8,-39,-17,-23,-41,-6,0,-17,-23,-13,-11,-2,-6,-14,-7,-23,-16,-24,-10,-1,-1
5/28/2020,5,-6,-4,-18,-39,-18,-24,-58,-23,-24,-14,-39,-12,1,-28,-6,-14,-8,-12,-30,-28,-15,-22,-24,-11,-2,2,-15,-2,-12,-9,-42,-17,-24,-44,-7,0,-18,-26,-18,-6,-2,-5,-13,-7,-24,-20,-26,-16,-1,1
5/29/2020,0,-9,-5,-22,-40,-22,-26,-56,-26,-24,-16,-39,-7,-6,-25,-9,-5,-13,-17,-34,-28,-19,-30,-30,-3,-7,-6,-18,-9,-12,-16,-43,-21,-27,-47,-16,-3,-23,-30,-22,-10,-4,-8,-15,-14,-25,-28,-29,-16,-10,-3
5/3/2020,-9,-20,-15,-34,-50,-31,-30,-64,-37,-40,-26,-50,-18,-11,-35,-25,-19,-27,-28,-37,-40,-23,-30,-28,-23,-15,-21,-27,-20,-22,-25,-52,-30,-40,-50,-26,-14,-33,-34,-27,-22,-11,-20,-28,-21,-34,-34,-32,-27,-21,-17
5/30/2020,-2,-11,-10,-26,-42,-27,-21,-56,-25,-26,-17,-42,-15,-10,-26,-8,-17,-12,-21,-34,-27,-22,-27,-35,-14,-6,-9,-16,-16,-23,-16,-40,-28,-30,-44,-13,-7,-32,-29,-19,-10,-11,-9,-19,-22,-27,-25,-41,-15,-5,-5
5/31/2020,9,-9,-4,-23,-43,-19,-18,-54,-23,-26,-17,-42,-6,7,-30,-6,-3,-9,-16,-29,-25,-10,-19,-26,-4,-2,2,-15,-5,-15,-9,-40,-22,-28,-43,-8,-1,-20,-24,-10,-9,6,-6,-18,-10,-23,-20,-27,-5,3,6
5/4/2020,-9,-11,-8,-28,-44,-27,-30,-57,-26,-32,-18,-46,-23,-10,-33,-15,-26,-15,-21,-37,-30,-23,-30,-27,-22,-5,-8,-20,-18,-19,-22,-47,-23,-35,-51,-20,-7,-27,-31,-26,-14,-17,-10,-23,-16,-26,-34,-30,-29,-11,-14
5/5/2020,-6,-12,-5,-27,-44,-25,-27,-56,-25,-31,-16,-43,-27,-10,-34,-21,-14,-21,-18,-36,-30,-25,-31,-27,-13,-5,-10,-22,-16,-15,-22,-46,-23,-32,-49,-24,-4,-25,-30,-23,-14,-14,-10,-21,-15,-28,-33,-26,-30,-14,-11
5/6/2020,-6,-11,-4,-30,-46,-28,-35,-62,-34,-33,-18,-47,-24,-17,-32,-17,-18,-20,-17,-40,-38,-25,-29,-27,-10,-3,-15,-24,-15,-19,-24,-52,-26,-35,-54,-23,-3,-28,-37,-30,-14,-15,-12,-20,-17,-30,-34,-32,-29,-19,-16
5/7/2020,-11,-15,-9,-29,-46,-28,-31,-57,-27,-33,-18,-47,-26,-14,-32,-19,-27,-20,-20,-39,-30,-26,-31,-30,-18,-8,-13,-22,-16,-23,-25,-47,-26,-35,-50,-24,-8,-28,-32,-30,-15,-18,-12,-22,-17,-28,-33,-30,-30,-16,-20
5/8/2020,-13,-22,-10,-30,-46,-30,-37,-63,-33,-33,-23,-46,-21,-17,-36,-25,-17,-30,-32,-42,-37,-29,-40,-31,-13,-20,-16,-25,-19,-18,-30,-53,-28,-37,-55,-32,-10,-31,-40,-35,-19,-14,-21,-23,-20,-32,-39,-31,-35,-28,-18
5/9/2020,-8,-15,-9,-32,-46,-31,-35,-64,-31,-33,-17,-46,-25,-17,-32,-20,-26,-21,-26,-45,-35,-42,-37,-36,-20,-7,-13,-22,-26,-23,-36,-50,-32,-36,-53,-29,-10,-33,-37,-35,-15,-21,-13,-23,-22,-32,-45,-34,-32,-19,-17
6/1/2020,9,-1,2,-17,-41,-14,-14,-54,-11,-21,-10,-38,-8,7,-27,-1,-5,-3,-8,-26,-20,-7,-16,-13,-3,8,8,-8,3,-9,-6,-37,-10,-21,-40,-3,3,-11,-21,-6,0,5,1,-12,-6,-17,-13,-22,-9,5,11
6/10/2020,13,-1,3,-16,-31,-11,-11,-53,-7,-20,-11,-35,-5,6,-18,-1,0,-4,-6,-23,-19,-6,-14,-7,5,7,7,-10,4,-2,-2,-33,-9,-13,-35,-5,7,-11,-16,-4,-3,8,0,-9,-5,-15,-13,-18,-8,2,8
6/11/2020,9,-3,1,-17,-31,-12,-20,-54,-9,-20,-9,-34,-5,5,-15,1,-6,-4,-6,-29,-21,-12,-5,-10,-3,2,8,-11,4,-6,-8,-37,-10,-16,-38,-1,3,-14,-16,-14,-3,6,0,-10,-7,-17,-14,-20,-3,2,9
6/12/2020,6,-7,-3,-20,-32,-16,-14,-52,-8,-20,-13,-36,-2,-1,-19,-4,-2,-8,-12,-25,-20,-11,-16,-13,0,-4,0,-11,-5,-7,-10,-34,-14,-19,-37,-8,-3,-20,-19,-8,-6,2,-5,-13,-13,-17,-16,-24,-8,-5,4
6/13/2020,5,-9,-8,-23,-34,-22,-14,-55,-5,-23,-13,-37,-9,-7,-20,-4,-14,-9,-16,-26,-20,-14,-14,-19,-10,-3,-2,-13,-13,-14,-11,-34,-19,-20,-35,-10,-7,-22,-20,-9,-6,-4,-6,-17,-20,-19,-21,-27,-8,-4,1
6/14/2020,18,-8,-3,-20,-32,-13,-12,-52,-2,-22,-15,-37,1,11,-18,0,0,-8,-13,-21,-19,1,-5,-10,0,-1,8,-12,-3,-8,-3,-34,-13,-17,-34,-4,-2,-14,-14,-1,-4,13,-4,-14,-4,-17,-14,-16,2,0,15
6/15/2020,14,-3,-1,-17,-29,-10,-8,-51,0,-19,-11,-35,-2,7,-15,3,-4,-3,-9,-18,-16,-1,-2,-7,-1,5,11,-13,5,-2,2,-26,-9,-15,-32,-3,1,-13,-12,-2,-1,11,1,-12,-5,-17,-6,-18,-2,1,13
6/2/2020,7,-4,1,-18,-39,-15,-17,-54,-12,-22,-10,-37,-9,5,-24,1,-5,-5,-7,-28,-19,-10,-17,-19,-4,5,7,-9,0,-8,-8,-38,-7,-19,-43,-4,2,-13,-18,-11,1,5,-1,-11,-8,-18,-17,-24,-10,6,7
6/3/2020,11,1,4,-18,-36,-13,-15,-51,-13,-22,-8,-37,-6,6,-21,0,-2,-3,-6,-27,-20,-9,-13,-10,3,9,6,-8,2,-4,-5,-39,-9,-18,-43,-3,8,-12,-23,-10,2,3,1,-9,-6,-17,-17,-22,-5,4,5
6/4/2020,6,-6,-1,-18,-35,-15,-14,-54,-10,-24,-11,-37,-8,4,-20,-3,-8,-9,-8,-27,-22,-7,-15,-15,-5,1,6,-10,1,-8,-5,-36,-10,-18,-40,-7,3,-15,-22,-7,-2,2,-3,-11,-8,-20,-17,-24,-6,1,5
6/5/2020,3,-10,-4,-21,-36,-19,-20,-56,-16,-23,-15,-35,-6,-2,-22,-6,-3,-10,-13,-31,-27,-12,-24,-17,-3,-7,-1,-12,-7,-9,-11,-41,-15,-20,-44,-11,-2,-19,-24,-15,-5,0,-8,-14,-13,-22,-21,-26,-11,-6,-1
6/6/2020,2,-11,-9,-23,-37,-26,-17,-53,-12,-28,-15,-38,-13,-7,-23,-6,-16,-11,-19,-35,-24,-20,-23,-26,-14,-5,-6,-15,-17,-16,-14,-38,-21,-22,-42,-12,-7,-25,-25,-17,-8,-10,-8,-18,-22,-23,-23,-30,-11,-4,-7
6/7/2020,15,-15,-4,-19,-35,-14,-13,-51,-9,-27,-16,-39,-2,3,-21,-3,-2,-7,-35,-31,-21,-6,-13,-16,-4,-15,5,-13,-4,-9,-7,-36,-15,-19,-37,-5,-1,-19,-17,-7,-4,9,-5,-15,-14,-19,-14,-20,0,5,5
6/8/2020,3,-10,-10,-14,-32,-13,-10,-51,-6,-22,-12,-36,-5,4,-17,1,-6,-5,-21,-22,-19,-5,-8,-12,-5,-8,6,-9,3,-4,-1,-33,-10,-15,-36,-3,0,-14,-14,-3,-2,6,-4,-13,-9,-16,-11,-20,-4,3,6
6/9/2020,7,-8,0,-15,-32,-15,-11,-51,-4,-20,-11,-35,-14,3,-22,-5,-5,-7,-7,-25,-17,-7,-11,-16,-7,2,4,-9,0,-12,-5,-32,-10,-12,-36,-4,1,-16,-14,-3,0,1,-3,-12,-7,-15,-13,-21,-12,6,5
