Label,Alabama!!Estimate,Alabama!!Percent,Alaska!!Estimate,Alaska!!Percent,Arizona!!Estimate,Arizona!!Percent,Arkansas!!Estimate,Arkansas!!Percent,California!!Estimate,California!!Percent,Colorado!!Estimate,Colorado!!Percent,Connecticut!!Estimate,Connecticut!!Percent,Delaware!!Estimate,Delaware!!Percent,District of Columbia!!Estimate,District of Columbia!!Percent,Florida!!Estimate,Florida!!Percent,Georgia!!Estimate,Georgia!!Percent,Hawaii!!Estimate,Hawaii!!Percent,Idaho!!Estimate,Idaho!!Percent,Illinois!!Estimate,Illinois!!Percent,Indiana!!Estimate,Indiana!!Percent,Iowa!!Estimate,Iowa!!Percent,Kansas!!Estimate,Kansas!!Percent,Kentucky!!Estimate,Kentucky!!Percent,Louisiana!!Estimate,Louisiana!!Percent,Maine!!Estimate,Maine!!Percent,Maryland!!Estimate,Maryland!!Percent,Massachusetts!!Estimate,Massachusetts!!Percent,Michigan!!Estimate,Michigan!!Percent,Minnesota!!Estimate,Minnesota!!Percent,Mississippi!!Estimate,Mississippi!!Percent,Missouri!!Estimate,Missouri!!Percent,Montana!!Estimate,Montana!!Percent,Nebraska!!Estimate,Nebraska!!Percent,Nevada!!Estimate,Nevada!!Percent,New Hampshire!!Estimate,New Hampshire!!Percent,New Jersey!!Estimate,New Jersey!!Percent,New Mexico!!Estimate,New Mexico!!Percent,New York!!Estimate,New York!!Percent,North Carolina!!Estimate,North Carolina!!Percent,North Dakota!!Estimate,North Dakota!!Percent,Ohio!!Estimate,Ohio!!Percent,Oklahoma!!Estimate,Oklahoma!!Percent,Oregon!!Estimate,Oregon!!Percent,Pennsylvania!!Estimate,Pennsylvania!!Percent,Rhode Island!!Estimate,Rhode Island!!Percent,South Carolina!!Estimate,South Carolina!!Percent,South Dakota!!Estimate,South Dakota!!Percent,Tennessee!!Estimate,Tennessee!!Percent,Texas!!Estimate,Texas!!Percent,Utah!!Estimate,Utah!!Percent,Vermont!!Estimate,Vermont!!Percent,Virginia!!Estimate,Virginia!!Percent,Washington!!Estimate,Washington!!Percent,West Virginia!!Estimate,West Virginia!!Percent,Wisconsin!!Estimate,Wisconsin!!Percent,Wyoming!!Estimate,Wyoming!!Percent,Puerto Rico!!Estimate,Puerto Rico!!Percent
SEX AND AGE,,,,,,,,,,,,,,,,,,,,,,,,,,,,,,,,,,,,,,,,,,,,,,,,,,,,,,,,,,,,,,,,,,,,,,,,,,,,,,,,,,,,,,,,,,,,,,,,,,,,,,,,
    Total population,"4,903,185","4,903,185","731,545","731,545","7,278,717","7,278,717","3,017,804","3,017,804","39,512,223","39,512,223","5,758,736","5,758,736","3,565,287","3,565,287","973,764","973,764","705,749","705,749","21,477,737","21,477,737","10,617,423","10,617,423","1,415,872","1,415,872","1,787,065","1,787,065","12,671,821","12,671,821","6,732,219","6,732,219","3,155,070","3,155,070","2,913,314","2,913,314","4,467,673","4,467,673","4,648,794","4,648,794","1,344,212","1,344,212","6,045,680","6,045,680","6,892,503","6,892,503","9,986,857","9,986,857","5,639,632","5,639,632","2,976,149","2,976,149","6,137,428","6,137,428","1,068,778","1,068,778","1,934,408","1,934,408","3,080,156","3,080,156","1,359,711","1,359,711","8,882,190","8,882,190","2,096,829","2,096,829","19,453,561","19,453,561","10,488,084","10,488,084","762,062","762,062","11,689,100","11,689,100","3,956,971","3,956,971","4,217,737","4,217,737","12,801,989","12,801,989","1,059,361","1,059,361","5,148,714","5,148,714","884,659","884,659","6,829,174","6,829,174","28,995,881","28,995,881","3,205,958","3,205,958","623,989","623,989","8,535,519","8,535,519","7,614,893","7,614,893","1,792,147","1,792,147","5,822,434","5,822,434","578,759","578,759","3,193,694","3,193,694"
        Male,"2,369,611",48.30%,"380,433",52.00%,"3,620,935",49.70%,"1,474,705",48.90%,"19,640,794",49.70%,"2,904,955",50.40%,"1,743,777",48.90%,"470,288",48.30%,"334,355",47.40%,"10,498,005",48.90%,"5,170,126",48.70%,"707,855",50.00%,"898,044",50.30%,"6,217,305",49.10%,"3,319,907",49.30%,"1,570,384",49.80%,"1,446,287",49.60%,"2,198,205",49.20%,"2,268,202",48.80%,"656,330",48.80%,"2,928,013",48.40%,"3,345,556",48.50%,"4,915,905",49.20%,"2,804,216",49.70%,"1,434,957",48.20%,"3,008,169",49.00%,"537,170",50.30%,"966,650",50.00%,"1,544,779",50.20%,"672,960",49.50%,"4,342,591",48.90%,"1,036,708",49.40%,"9,450,810",48.60%,"5,094,327",48.60%,"388,339",51.00%,"5,732,207",49.00%,"1,962,477",49.60%,"2,089,676",49.50%,"6,272,527",49.00%,"517,221",48.80%,"2,485,001",48.30%,"449,458",50.80%,"3,329,115",48.70%,"14,385,762",49.60%,"1,610,671",50.20%,"309,164",49.50%,"4,201,799",49.20%,"3,807,572",50.00%,"885,861",49.40%,"2,892,804",49.70%,"296,005",51.10%,"1,515,994",47.50%
        Female,"2,533,574",51.70%,"351,112",48.00%,"3,657,782",50.30%,"1,543,099",51.10%,"19,871,429",50.30%,"2,853,781",49.60%,"1,821,510",51.10%,"503,476",51.70%,"371,394",52.60%,"10,979,732",51.10%,"5,447,297",51.30%,"708,017",50.00%,"889,021",49.70%,"6,454,516",50.90%,"3,412,312",50.70%,"1,584,686",50.20%,"1,467,027",50.40%,"2,269,468",50.80%,"2,380,592",51.20%,"687,882",51.20%,"3,117,667",51.60%,"3,546,947",51.50%,"5,070,952",50.80%,"2,835,416",50.30%,"1,541,192",51.80%,"3,129,259",51.00%,"531,608",49.70%,"967,758",50.00%,"1,535,377",49.80%,"686,751",50.50%,"4,539,599",51.10%,"1,060,121",50.60%,"10,002,751",51.40%,"5,393,757",51.40%,"373,723",49.00%,"5,956,893",51.00%,"1,994,494",50.40%,"2,128,061",50.50%,"6,529,462",51.00%,"542,140",51.20%,"2,663,713",51.70%,"435,201",49.20%,"3,500,059",51.30%,"14,610,119",50.40%,"1,595,287",49.80%,"314,825",50.50%,"4,333,720",50.80%,"3,807,321",50.00%,"906,286",50.60%,"2,929,630",50.30%,"282,754",48.90%,"1,677,700",52.50%
        Sex ratio (males per 100 females),93.5,(X),108.4,(X),99,(X),95.6,(X),98.8,(X),101.8,(X),95.7,(X),93.4,(X),90,(X),95.6,(X),94.9,(X),100,(X),101,(X),96.3,(X),97.3,(X),99.1,(X),98.6,(X),96.9,(X),95.3,(X),95.4,(X),93.9,(X),94.3,(X),96.9,(X),98.9,(X),93.1,(X),96.1,(X),101,(X),99.9,(X),100.6,(X),98,(X),95.7,(X),97.8,(X),94.5,(X),94.4,(X),103.9,(X),96.2,(X),98.4,(X),98.2,(X),96.1,(X),95.4,(X),93.3,(X),103.3,(X),95.1,(X),98.5,(X),101,(X),98.2,(X),97,(X),100,(X),97.7,(X),98.7,(X),104.7,(X),90.4,(X)
        Under 5 years,"286,597",5.80%,"50,891",7.00%,"427,707",5.90%,"183,327",6.10%,"2,377,839",6.00%,"327,302",5.70%,"180,598",5.10%,"54,261",5.60%,"45,263",6.40%,"1,131,148",5.30%,"639,713",6.00%,"85,335",6.00%,"115,837",6.50%,"742,404",5.90%,"414,553",6.20%,"190,606",6.00%,"183,236",6.30%,"273,130",6.10%,"292,977",6.30%,"62,813",4.70%,"358,346",5.90%,"355,066",5.20%,"567,914",5.70%,"349,621",6.20%,"179,497",6.00%,"365,451",6.00%,"58,850",5.50%,"129,551",6.70%,"184,168",6.00%,"64,200",4.70%,"511,925",5.80%,"116,978",5.60%,"1,119,825",5.80%,"596,583",5.70%,"50,567",6.60%,"686,672",5.90%,"251,083",6.30%,"223,364",5.30%,"695,661",5.40%,"54,802",5.20%,"289,537",5.60%,"58,859",6.70%,"407,026",6.00%,"1,981,755",6.80%,"245,883",7.70%,"29,021",4.70%,"499,906",5.90%,"455,283",6.00%,"91,548",5.10%,"327,258",5.60%,"33,098",5.70%,"115,403",3.60%
        5 to 9 years,"294,475",6.00%,"52,692",7.20%,"445,512",6.10%,"192,289",6.40%,"2,380,762",6.00%,"344,202",6.00%,"193,466",5.40%,"54,150",5.60%,"35,558",5.00%,"1,123,648",5.20%,"678,013",6.40%,"84,466",6.00%,"125,134",7.00%,"752,856",5.90%,"413,125",6.10%,"205,431",6.50%,"196,962",6.80%,"264,938",5.90%,"298,089",6.40%,"64,874",4.80%,"359,505",5.90%,"355,521",5.20%,"578,688",5.80%,"361,330",6.40%,"190,277",6.40%,"380,818",6.20%,"61,823",5.80%,"131,863",6.80%,"185,324",6.00%,"67,001",4.90%,"524,592",5.90%,"130,751",6.20%,"1,052,163",5.40%,"615,543",5.90%,"48,953",6.40%,"690,188",5.90%,"262,753",6.60%,"235,390",5.60%,"713,446",5.60%,"49,154",4.60%,"300,712",5.80%,"59,654",6.70%,"405,373",5.90%,"1,995,392",6.90%,"258,067",8.00%,"31,204",5.00%,"504,065",5.90%,"456,737",6.00%,"98,494",5.50%,"344,543",5.90%,"40,471",7.00%,"153,900",4.80%
        10 to 14 years,"317,645",6.50%,"49,737",6.80%,"486,413",6.70%,"202,376",6.70%,"2,629,510",6.70%,"366,422",6.40%,"216,194",6.10%,"59,911",6.20%,"31,821",4.50%,"1,258,247",5.90%,"758,925",7.10%,"82,606",5.80%,"129,492",7.20%,"823,249",6.50%,"469,734",7.00%,"204,137",6.50%,"203,308",7.00%,"292,075",6.50%,"317,155",6.80%,"72,870",5.40%,"390,637",6.50%,"395,607",5.70%,"617,636",6.20%,"372,737",6.60%,"211,264",7.10%,"391,770",6.40%,"67,783",6.30%,"136,832",7.10%,"206,681",6.70%,"76,710",5.60%,"563,204",6.30%,"146,207",7.00%,"1,164,223",6.00%,"686,687",6.50%,"50,415",6.60%,"752,389",6.40%,"280,191",7.10%,"254,889",6.00%,"764,806",6.00%,"62,573",5.90%,"334,285",6.50%,"62,453",7.10%,"443,911",6.50%,"2,184,780",7.50%,"267,584",8.30%,"31,922",5.10%,"543,494",6.40%,"477,450",6.30%,"104,920",5.90%,"368,646",6.30%,"38,966",6.70%,"189,662",5.90%
        15 to 19 years,"326,671",6.70%,"46,531",6.40%,"483,546",6.60%,"205,446",6.80%,"2,547,449",6.40%,"365,529",6.30%,"238,670",6.70%,"60,766",6.20%,"37,751",5.30%,"1,213,809",5.70%,"746,150",7.00%,"77,697",5.50%,"125,543",7.00%,"829,525",6.50%,"464,953",6.90%,"214,686",6.80%,"198,860",6.80%,"295,004",6.60%,"301,712",6.50%,"78,209",5.80%,"381,318",6.30%,"451,393",6.50%,"653,218",6.50%,"363,358",6.40%,"214,658",7.20%,"398,235",6.50%,"70,013",6.60%,"131,674",6.80%,"184,666",6.00%,"87,386",6.40%,"555,206",6.30%,"139,186",6.60%,"1,187,268",6.10%,"713,066",6.80%,"46,933",6.20%,"766,270",6.60%,"273,627",6.90%,"249,830",5.90%,"803,486",6.30%,"71,713",6.80%,"339,558",6.60%,"57,976",6.60%,"435,235",6.40%,"2,077,356",7.20%,"255,453",8.00%,"43,161",6.90%,"555,996",6.50%,"459,277",6.00%,"109,763",6.10%,"380,127",6.50%,"38,611",6.70%,"208,460",6.50%
        20 to 24 years,"317,739",6.50%,"47,636",6.50%,"490,999",6.70%,"197,910",6.60%,"2,638,791",6.70%,"380,338",6.60%,"239,939",6.70%,"57,365",5.90%,"50,211",7.10%,"1,266,383",5.90%,"714,400",6.70%,"89,100",6.30%,"120,062",6.70%,"829,093",6.50%,"467,839",6.90%,"217,206",6.90%,"212,867",7.30%,"294,084",6.60%,"298,660",6.40%,"74,294",5.50%,"372,016",6.20%,"484,340",7.00%,"674,774",6.80%,"345,374",6.10%,"200,789",6.70%,"394,992",6.40%,"68,359",6.40%,"132,718",6.90%,"182,851",5.90%,"84,664",6.20%,"536,034",6.00%,"137,719",6.60%,"1,265,348",6.50%,"689,128",6.60%,"60,819",8.00%,"743,776",6.40%,"270,073",6.80%,"266,146",6.30%,"796,554",6.20%,"74,167",7.00%,"321,418",6.20%,"57,688",6.50%,"443,667",6.50%,"1,984,048",6.80%,"267,379",8.30%,"43,123",6.90%,"559,301",6.60%,"475,822",6.20%,"106,336",5.90%,"386,575",6.60%,"37,766",6.50%,"224,534",7.00%
        25 to 34 years,"637,403",13.00%,"117,978",16.10%,"1,001,594",13.80%,"386,602",12.80%,"6,036,052",15.30%,"907,627",15.80%,"444,509",12.50%,"128,412",13.20%,"164,375",23.30%,"2,768,060",12.90%,"1,458,596",13.70%,"195,781",13.80%,"234,800",13.10%,"1,748,323",13.80%,"886,319",13.20%,"400,299",12.70%,"377,373",13.00%,"576,692",12.90%,"643,422",13.80%,"164,231",12.20%,"820,575",13.60%,"992,607",14.40%,"1,302,017",13.00%,"765,578",13.60%,"368,227",12.40%,"823,722",13.40%,"133,119",12.50%,"257,931",13.30%,"449,055",14.60%,"170,730",12.60%,"1,148,458",12.90%,"278,627",13.30%,"2,865,401",14.70%,"1,401,663",13.40%,"117,574",15.40%,"1,544,717",13.20%,"536,999",13.60%,"594,585",14.10%,"1,704,848",13.30%,"148,180",14.00%,"670,757",13.00%,"114,420",12.90%,"934,878",13.70%,"4,242,661",14.60%,"472,153",14.70%,"76,649",12.30%,"1,174,655",13.80%,"1,164,010",15.30%,"211,267",11.80%,"737,315",12.70%,"76,649",13.20%,"385,530",12.10%
        35 to 44 years,"605,739",12.40%,"93,035",12.70%,"898,533",12.30%,"377,184",12.50%,"5,298,911",13.40%,"805,306",14.00%,"426,967",12.00%,"113,704",11.70%,"108,905",15.40%,"2,612,250",12.20%,"1,401,934",13.20%,"185,133",13.10%,"225,804",12.60%,"1,641,179",13.00%,"825,768",12.30%,"392,097",12.40%,"362,905",12.50%,"556,896",12.50%,"606,785",13.10%,"153,615",11.40%,"786,924",13.00%,"849,654",12.30%,"1,174,029",11.80%,"730,399",13.00%,"379,610",12.80%,"756,709",12.30%,"132,472",12.40%,"243,052",12.60%,"410,321",13.30%,"158,985",11.70%,"1,144,104",12.90%,"261,847",12.50%,"2,430,106",12.50%,"1,312,661",12.50%,"96,037",12.60%,"1,404,148",12.00%,"501,516",12.70%,"578,846",13.70%,"1,520,179",11.90%,"124,433",11.70%,"628,604",12.20%,"106,071",12.00%,"849,159",12.40%,"3,959,419",13.70%,"443,692",13.80%,"70,815",11.30%,"1,128,152",13.20%,"1,032,245",13.60%,"219,899",12.30%,"714,436",12.30%,"73,671",12.70%,"395,192",12.40%
        45 to 54 years,"609,391",12.40%,"87,687",12.00%,"853,081",11.70%,"362,384",12.00%,"4,974,817",12.60%,"704,792",12.20%,"480,565",13.50%,"118,670",12.20%,"74,493",10.60%,"2,708,234",12.60%,"1,397,014",13.20%,"168,179",11.90%,"202,347",11.30%,"1,602,369",12.60%,"827,420",12.30%,"358,447",11.40%,"327,291",11.20%,"562,400",12.60%,"544,724",11.70%,"176,429",13.10%,"795,954",13.20%,"894,405",13.00%,"1,252,699",12.50%,"672,810",11.90%,"361,557",12.10%,"730,645",11.90%,"117,178",11.00%,"216,099",11.20%,"396,104",12.90%,"182,129",13.40%,"1,199,976",13.50%,"235,075",11.20%,"2,471,667",12.70%,"1,363,200",13.00%,"76,528",10.00%,"1,451,339",12.40%,"452,720",11.40%,"511,021",12.10%,"1,605,639",12.50%,"135,828",12.80%,"635,042",12.30%,"96,689",10.90%,"872,195",12.80%,"3,556,845",12.30%,"329,369",10.30%,"78,203",12.50%,"1,095,894",12.80%,"925,768",12.20%,"226,692",12.60%,"719,293",12.40%,"63,810",11.00%,"412,923",12.90%
        55 to 59 years,"321,296",6.60%,"48,858",6.70%,"445,006",6.10%,"192,477",6.40%,"2,461,936",6.20%,"357,955",6.20%,"258,972",7.30%,"66,092",6.80%,"37,365",5.30%,"1,475,419",6.90%,"685,356",6.50%,"87,409",6.20%,"104,642",5.90%,"840,754",6.60%,"446,115",6.60%,"210,384",6.70%,"181,715",6.20%,"295,568",6.60%,"295,758",6.40%,"102,302",7.60%,"413,230",6.80%,"483,588",7.00%,"701,709",7.00%,"386,481",6.90%,"192,721",6.50%,"420,294",6.80%,"72,614",6.80%,"119,981",6.20%,"197,914",6.40%,"110,803",8.10%,"620,252",7.00%,"132,366",6.30%,"1,319,671",6.80%,"700,481",6.70%,"47,196",6.20%,"793,376",6.80%,"249,998",6.30%,"259,855",6.20%,"895,407",7.00%,"73,453",6.90%,"352,888",6.90%,"58,677",6.60%,"460,144",6.70%,"1,689,099",5.80%,"147,856",4.60%,"44,207",7.10%,"571,897",6.70%,"478,059",6.30%,"121,475",6.80%,"415,388",7.10%,"37,601",6.50%,"215,519",6.70%
        60 to 64 years,"331,917",6.80%,"45,912",6.30%,"439,085",6.00%,"193,572",6.40%,"2,331,158",5.90%,"353,885",6.10%,"256,375",7.20%,"70,795",7.30%,"32,470",4.60%,"1,422,341",6.60%,"614,130",5.80%,"90,696",6.40%,"114,787",6.40%,"816,708",6.40%,"431,921",6.40%,"208,202",6.60%,"190,801",6.50%,"302,327",6.80%,"307,318",6.60%,"108,597",8.10%,"407,288",6.70%,"458,029",6.60%,"697,764",7.00%,"370,453",6.60%,"190,745",6.40%,"416,849",6.80%,"78,658",7.40%,"122,412",6.30%,"184,853",6.00%,"103,956",7.60%,"603,364",6.80%,"140,343",6.70%,"1,281,921",6.60%,"658,137",6.30%,"46,863",6.10%,"812,677",7.00%,"242,789",6.10%,"276,315",6.60%,"913,745",7.10%,"77,903",7.40%,"340,375",6.60%,"58,373",6.60%,"438,621",6.40%,"1,585,799",5.50%,"153,324",4.80%,"50,483",8.10%,"543,823",6.40%,"482,557",6.30%,"134,353",7.50%,"408,957",7.00%,"39,327",6.80%,"212,906",6.70%
        65 to 74 years,"505,557",10.30%,"61,658",8.40%,"751,831",10.30%,"303,422",10.10%,"3,391,856",8.60%,"524,969",9.10%,"352,559",9.90%,"112,847",11.60%,"50,587",7.20%,"2,463,083",11.50%,"933,722",8.80%,"153,238",10.80%,"174,120",9.70%,"1,182,015",9.30%,"637,375",9.50%,"311,643",9.90%,"274,666",9.40%,"454,932",10.20%,"446,721",9.60%,"169,556",12.60%,"564,533",9.30%,"676,157",9.80%,"1,041,813",10.40%,"533,366",9.50%,"289,064",9.70%,"609,250",9.90%,"126,488",11.80%,"179,065",9.30%,"305,843",9.90%,"152,050",11.20%,"837,002",9.40%,"224,011",10.70%,"1,863,892",9.60%,"1,047,490",10.00%,"67,281",8.80%,"1,187,641",10.20%,"368,463",9.30%,"467,259",11.10%,"1,353,195",10.60%,"107,381",10.10%,"571,319",11.10%,"90,443",10.20%,"680,190",10.00%,"2,259,341",7.80%,"219,213",6.80%,"75,354",12.10%,"809,641",9.50%,"736,308",9.70%,"217,526",12.10%,"597,951",10.30%,"60,674",10.50%,"366,492",11.50%
        75 to 84 years,"264,071",5.40%,"22,265",3.00%,"424,605",5.80%,"162,243",5.40%,"1,725,842",4.40%,"231,835",4.00%,"187,950",5.30%,"57,991",6.00%,"25,639",3.60%,"1,474,050",6.90%,"444,890",4.20%,"78,564",5.50%,"86,347",4.80%,"609,326",4.80%,"319,196",4.70%,"165,190",5.20%,"140,129",4.80%,"222,988",5.00%,"220,113",4.70%,"81,769",6.10%,"281,807",4.70%,"336,202",4.90%,"510,903",5.10%,"276,534",4.90%,"143,319",4.80%,"327,032",5.30%,"60,461",5.70%,"91,842",4.70%,"149,584",4.90%,"72,230",5.30%,"444,063",5.00%,"113,221",5.40%,"992,444",5.10%,"519,151",4.90%,"34,821",4.60%,"612,935",5.20%,"192,486",4.90%,"214,550",5.10%,"710,194",5.50%,"53,019",5.00%,"277,347",5.40%,"44,057",5.00%,"341,410",5.00%,"1,081,125",3.70%,"109,412",3.40%,"35,553",5.70%,"396,708",4.60%,"340,740",4.50%,"107,764",6.00%,"295,832",5.10%,"28,489",4.90%,"226,345",7.10%
        85 years and over,"84,684",1.70%,"6,665",0.90%,"130,805",1.80%,"58,572",1.90%,"717,300",1.80%,"88,574",1.50%,"88,523",2.50%,"18,800",1.90%,"11,311",1.60%,"561,065",2.60%,"144,580",1.40%,"37,668",2.70%,"28,150",1.60%,"254,020",2.00%,"127,901",1.90%,"76,742",2.40%,"63,201",2.20%,"76,639",1.70%,"75,360",1.60%,"34,653",2.60%,"113,547",1.90%,"159,934",2.30%,"213,693",2.10%,"111,591",2.00%,"54,421",1.80%,"121,661",2.00%,"20,960",2.00%,"41,388",2.10%,"42,792",1.40%,"28,867",2.10%,"194,010",2.20%,"40,498",1.90%,"439,632",2.30%,"184,294",1.80%,"18,075",2.40%,"242,972",2.10%,"74,273",1.90%,"85,687",2.00%,"324,829",2.50%,"26,755",2.50%,"86,872",1.70%,"19,299",2.20%,"117,365",1.70%,"398,261",1.40%,"36,573",1.10%,"14,294",2.30%,"151,987",1.80%,"130,637",1.70%,"42,110",2.30%,"126,113",2.20%,"9,626",1.70%,"86,828",2.70%
        Median age (years),39.4,(X),35,(X),38.3,(X),38.8,(X),37,(X),37.1,(X),41.2,(X),41.4,(X),34.3,(X),42.4,(X),37.2,(X),39.6,(X),36.9,(X),38.6,(X),38,(X),38.5,(X),37.2,(X),39.2,(X),37.7,(X),45.1,(X),39,(X),39.7,(X),39.8,(X),38.4,(X),38.3,(X),38.9,(X),40.5,(X),36.8,(X),38.4,(X),43,(X),40.2,(X),38.6,(X),39.2,(X),39.1,(X),35.5,(X),39.6,(X),37,(X),39.7,(X),40.8,(X),40.1,(X),39.9,(X),37.7,(X),39,(X),35.1,(X),31.2,(X),42.8,(X),38.5,(X),37.9,(X),42.9,(X),39.9,(X),38.1,(X),43.1,(X)
        Under 18 years,"1,085,597",22.10%,"179,749",24.60%,"1,639,648",22.50%,"699,012",23.20%,"8,891,064",22.50%,"1,256,320",21.80%,"727,432",20.40%,"203,946",20.90%,"127,901",18.10%,"4,231,955",19.70%,"2,503,029",23.60%,"300,187",21.20%,"449,355",25.10%,"2,814,679",22.20%,"1,567,421",23.30%,"721,830",22.90%,"700,301",24.00%,"1,001,825",22.40%,"1,084,886",23.30%,"246,353",18.30%,"1,332,287",22.00%,"1,351,777",19.60%,"2,142,822",21.50%,"1,302,669",23.10%,"698,420",23.50%,"1,372,695",22.40%,"226,524",21.20%,"475,096",24.60%,"690,737",22.40%,"256,020",18.80%,"1,938,024",21.80%,"473,850",22.60%,"4,022,096",20.70%,"2,293,972",21.90%,"176,706",23.20%,"2,574,847",22.00%,"952,229",24.10%,"862,816",20.50%,"2,632,325",20.60%,"203,575",19.20%,"1,112,300",21.60%,"215,269",24.30%,"1,510,752",22.10%,"7,396,631",25.50%,"930,308",29.00%,"113,559",18.20%,"1,857,605",21.80%,"1,662,965",21.80%,"358,818",20.00%,"1,263,412",21.70%,"134,189",23.20%,"572,734",17.90%
        16 years and over,"3,937,453",80.30%,"569,699",77.90%,"5,820,607",80.00%,"2,401,299",79.60%,"31,617,786",80.00%,"4,645,780",80.70%,"2,926,854",82.10%,"792,119",81.30%,"587,819",83.30%,"17,719,854",82.50%,"8,394,269",79.10%,"1,147,569",81.10%,"1,386,665",77.60%,"10,184,783",80.40%,"5,346,452",79.40%,"2,516,898",79.80%,"2,292,476",78.70%,"3,581,569",80.20%,"3,684,053",79.20%,"1,128,168",83.90%,"4,862,424",80.40%,"5,707,254",82.80%,"8,095,913",81.10%,"4,479,456",79.40%,"2,360,508",79.30%,"4,918,035",80.10%,"869,402",81.30%,"1,509,290",78.00%,"2,465,233",80.00%,"1,137,316",83.60%,"7,168,432",80.70%,"1,678,187",80.00%,"15,895,561",81.70%,"8,457,219",80.60%,"602,982",79.10%,"9,407,641",80.50%,"3,110,626",78.60%,"3,451,654",81.80%,"10,474,419",81.80%,"880,978",83.20%,"4,158,317",80.80%,"692,113",78.20%,"5,487,875",80.40%,"22,425,612",77.30%,"2,378,652",74.20%,"525,153",84.20%,"6,880,704",80.60%,"6,128,444",80.50%,"1,476,688",82.40%,"4,707,424",80.80%,"458,477",79.20%,"2,699,404",84.50%
        18 years and over,"3,817,588",77.90%,"551,796",75.40%,"5,639,069",77.50%,"2,318,792",76.80%,"30,621,159",77.50%,"4,502,416",78.20%,"2,837,855",79.60%,"769,818",79.10%,"577,848",81.90%,"17,245,782",80.30%,"8,114,394",76.40%,"1,115,685",78.80%,"1,337,710",74.90%,"9,857,142",77.80%,"5,164,798",76.70%,"2,433,240",77.10%,"2,213,013",76.00%,"3,465,848",77.60%,"3,563,908",76.70%,"1,097,859",81.70%,"4,713,393",78.00%,"5,540,726",80.40%,"7,844,035",78.50%,"4,336,963",76.90%,"2,277,729",76.50%,"4,764,733",77.60%,"842,254",78.80%,"1,459,312",75.40%,"2,389,419",77.60%,"1,103,691",81.20%,"6,944,166",78.20%,"1,622,979",77.40%,"15,431,465",79.30%,"8,194,112",78.10%,"585,356",76.80%,"9,114,253",78.00%,"3,004,742",75.90%,"3,354,921",79.50%,"10,169,664",79.40%,"855,786",80.80%,"4,036,414",78.40%,"669,390",75.70%,"5,318,422",77.90%,"21,599,250",74.50%,"2,275,650",71.00%,"510,430",81.80%,"6,677,914",78.20%,"5,951,928",78.20%,"1,433,329",80.00%,"4,559,022",78.30%,"444,570",76.80%,"2,620,960",82.10%
        21 years and over,"3,608,467",73.60%,"523,018",71.50%,"5,332,094",73.30%,"2,192,034",72.60%,"29,044,071",73.50%,"4,279,893",74.30%,"2,685,230",75.30%,"729,636",74.90%,"544,046",77.10%,"16,467,996",76.70%,"7,645,283",72.00%,"1,069,806",75.60%,"1,266,533",70.90%,"9,356,390",73.80%,"4,871,760",72.40%,"2,294,466",72.70%,"2,082,728",71.50%,"3,277,406",73.40%,"3,371,916",72.50%,"1,049,640",78.10%,"4,476,458",74.00%,"5,236,619",76.00%,"7,428,907",74.40%,"4,122,678",73.10%,"2,131,424",71.60%,"4,522,768",73.70%,"798,199",74.70%,"1,377,093",71.20%,"2,281,239",74.10%,"1,045,381",76.90%,"6,620,377",74.50%,"1,536,368",73.30%,"14,674,437",75.40%,"7,730,808",73.70%,"553,228",72.60%,"8,627,797",73.80%,"2,831,196",71.50%,"3,200,622",75.90%,"9,660,388",75.50%,"800,805",75.60%,"3,813,659",74.10%,"635,739",71.90%,"5,043,319",73.80%,"20,340,329",70.10%,"2,127,694",66.40%,"478,059",76.60%,"6,320,168",74.00%,"5,675,664",74.50%,"1,365,932",76.20%,"4,317,545",74.20%,"418,893",72.40%,"2,480,442",77.70%
        62 years and over,"1,047,557",21.40%,"118,043",16.10%,"1,564,977",21.50%,"636,003",21.10%,"7,171,107",18.10%,"1,053,116",18.30%,"776,789",21.80%,"233,237",24.00%,"106,806",15.10%,"5,341,094",24.90%,"1,882,894",17.70%,"326,379",23.10%,"356,082",19.90%,"2,520,297",19.90%,"1,338,492",19.90%,"674,770",21.40%,"591,393",20.30%,"930,315",20.80%,"928,680",20.00%,"352,172",26.20%,"1,195,609",19.80%,"1,447,056",21.00%,"2,183,374",21.90%,"1,136,366",20.10%,"601,013",20.20%,"1,303,564",21.20%,"253,310",23.70%,"384,839",19.90%,"608,048",19.70%,"313,400",23.00%,"1,827,849",20.60%,"463,304",22.10%,"4,044,590",20.80%,"2,131,408",20.30%,"146,102",19.20%,"2,525,748",21.60%,"780,134",19.70%,"933,533",22.10%,"2,929,770",22.90%,"233,154",22.00%,"1,137,680",22.10%,"189,348",21.40%,"1,393,059",20.40%,"4,668,269",16.10%,"455,265",14.20%,"155,355",24.90%,"1,674,921",19.60%,"1,492,179",19.60%,"450,826",25.20%,"1,263,529",21.70%,"122,855",21.20%,"805,090",25.20%
        65 years and over,"854,312",17.40%,"90,588",12.40%,"1,307,241",18.00%,"524,237",17.40%,"5,834,998",14.80%,"845,378",14.70%,"629,032",17.60%,"189,638",19.50%,"87,537",12.40%,"4,498,198",20.90%,"1,523,192",14.30%,"269,470",19.00%,"288,617",16.20%,"2,045,361",16.10%,"1,084,472",16.10%,"553,575",17.50%,"477,996",16.40%,"754,559",16.90%,"742,194",16.00%,"285,978",21.30%,"959,887",15.90%,"1,172,293",17.00%,"1,766,409",17.70%,"921,491",16.30%,"486,804",16.40%,"1,057,943",17.20%,"207,909",19.50%,"312,295",16.10%,"498,219",16.20%,"253,147",18.60%,"1,475,075",16.60%,"377,730",18.00%,"3,295,968",16.90%,"1,750,935",16.70%,"120,177",15.80%,"2,043,548",17.50%,"635,222",16.10%,"767,496",18.20%,"2,388,218",18.70%,"187,155",17.70%,"935,538",18.20%,"153,799",17.40%,"1,138,965",16.70%,"3,738,727",12.90%,"365,198",11.40%,"125,201",20.10%,"1,358,336",15.90%,"1,207,685",15.90%,"367,400",20.50%,"1,019,896",17.50%,"98,789",17.10%,"679,665",21.30%
        18 years and over,"3,817,588","3,817,588","551,796","551,796","5,639,069","5,639,069","2,318,792","2,318,792","30,621,159","30,621,159","4,502,416","4,502,416","2,837,855","2,837,855","769,818","769,818","577,848","577,848","17,245,782","17,245,782","8,114,394","8,114,394","1,115,685","1,115,685","1,337,710","1,337,710","9,857,142","9,857,142","5,164,798","5,164,798","2,433,240","2,433,240","2,213,013","2,213,013","3,465,848","3,465,848","3,563,908","3,563,908","1,097,859","1,097,859","4,713,393","4,713,393","5,540,726","5,540,726","7,844,035","7,844,035","4,336,963","4,336,963","2,277,729","2,277,729","4,764,733","4,764,733","842,254","842,254","1,459,312","1,459,312","2,389,419","2,389,419","1,103,691","1,103,691","6,944,166","6,944,166","1,622,979","1,622,979","15,431,465","15,431,465","8,194,112","8,194,112","585,356","585,356","9,114,253","9,114,253","3,004,742","3,004,742","3,354,921","3,354,921","10,169,664","10,169,664","855,786","855,786","4,036,414","4,036,414","669,390","669,390","5,318,422","5,318,422","21,599,250","21,599,250","2,275,650","2,275,650","510,430","510,430","6,677,914","6,677,914","5,951,928","5,951,928","1,433,329","1,433,329","4,559,022","4,559,022","444,570","444,570","2,620,960","2,620,960"
            Male,"1,812,854",47.50%,"287,256",52.10%,"2,782,081",49.30%,"1,119,340",48.30%,"15,100,913",49.30%,"2,259,424",50.20%,"1,370,524",48.30%,"366,941",47.70%,"269,578",46.70%,"8,334,993",48.30%,"3,879,247",47.80%,"553,276",49.60%,"667,208",49.90%,"4,784,829",48.50%,"2,513,202",48.70%,"1,199,888",49.30%,"1,090,733",49.30%,"1,683,676",48.60%,"1,709,791",48.00%,"530,772",48.30%,"2,249,586",47.70%,"2,654,903",47.90%,"3,820,907",48.70%,"2,139,845",49.30%,"1,083,089",47.60%,"2,305,849",48.40%,"420,243",49.90%,"721,812",49.50%,"1,191,972",49.90%,"542,357",49.10%,"3,351,015",48.30%,"794,464",49.00%,"7,388,570",47.90%,"3,922,178",47.90%,"298,181",50.90%,"4,411,835",48.40%,"1,470,313",48.90%,"1,647,172",49.10%,"4,925,483",48.40%,"412,642",48.20%,"1,922,777",47.60%,"335,932",50.20%,"2,554,545",48.00%,"10,618,690",49.20%,"1,134,329",49.80%,"250,316",49.00%,"3,246,462",48.60%,"2,958,683",49.70%,"702,698",49.00%,"2,247,843",49.30%,"226,129",50.90%,"1,224,344",46.70%
            Female,"2,004,734",52.50%,"264,540",47.90%,"2,856,988",50.70%,"1,199,452",51.70%,"15,520,246",50.70%,"2,242,992",49.80%,"1,467,331",51.70%,"402,877",52.30%,"308,270",53.30%,"8,910,789",51.70%,"4,235,147",52.20%,"562,409",50.40%,"670,502",50.10%,"5,072,313",51.50%,"2,651,596",51.30%,"1,233,352",50.70%,"1,122,280",50.70%,"1,782,172",51.40%,"1,854,117",52.00%,"567,087",51.70%,"2,463,807",52.30%,"2,885,823",52.10%,"4,023,128",51.30%,"2,197,118",50.70%,"1,194,640",52.40%,"2,458,884",51.60%,"422,011",50.10%,"737,500",50.50%,"1,197,447",50.10%,"561,334",50.90%,"3,593,151",51.70%,"828,515",51.00%,"8,042,895",52.10%,"4,271,934",52.10%,"287,175",49.10%,"4,702,418",51.60%,"1,534,429",51.10%,"1,707,749",50.90%,"5,244,181",51.60%,"443,144",51.80%,"2,113,637",52.40%,"333,458",49.80%,"2,763,877",52.00%,"10,980,560",50.80%,"1,141,321",50.20%,"260,114",51.00%,"3,431,452",51.40%,"2,993,245",50.30%,"730,631",51.00%,"2,311,179",50.70%,"218,441",49.10%,"1,396,616",53.30%
            Sex ratio (males per 100 females),90.4,(X),108.6,(X),97.4,(X),93.3,(X),97.3,(X),100.7,(X),93.4,(X),91.1,(X),87.4,(X),93.5,(X),91.6,(X),98.4,(X),99.5,(X),94.3,(X),94.8,(X),97.3,(X),97.2,(X),94.5,(X),92.2,(X),93.6,(X),91.3,(X),92,(X),95,(X),97.4,(X),90.7,(X),93.8,(X),99.6,(X),97.9,(X),99.5,(X),96.6,(X),93.3,(X),95.9,(X),91.9,(X),91.8,(X),103.8,(X),93.8,(X),95.8,(X),96.5,(X),93.9,(X),93.1,(X),91,(X),100.7,(X),92.4,(X),96.7,(X),99.4,(X),96.2,(X),94.6,(X),98.8,(X),96.2,(X),97.3,(X),103.5,(X),87.7,(X)
        65 years and over,"854,312","854,312","90,588","90,588","1,307,241","1,307,241","524,237","524,237","5,834,998","5,834,998","845,378","845,378","629,032","629,032","189,638","189,638","87,537","87,537","4,498,198","4,498,198","1,523,192","1,523,192","269,470","269,470","288,617","288,617","2,045,361","2,045,361","1,084,472","1,084,472","553,575","553,575","477,996","477,996","754,559","754,559","742,194","742,194","285,978","285,978","959,887","959,887","1,172,293","1,172,293","1,766,409","1,766,409","921,491","921,491","486,804","486,804","1,057,943","1,057,943","207,909","207,909","312,295","312,295","498,219","498,219","253,147","253,147","1,475,075","1,475,075","377,730","377,730","3,295,968","3,295,968","1,750,935","1,750,935","120,177","120,177","2,043,548","2,043,548","635,222","635,222","767,496","767,496","2,388,218","2,388,218","187,155","187,155","935,538","935,538","153,799","153,799","1,138,965","1,138,965","3,738,727","3,738,727","365,198","365,198","125,201","125,201","1,358,336","1,358,336","1,207,685","1,207,685","367,400","367,400","1,019,896","1,019,896","98,789","98,789","679,665","679,665"
            Male,"373,043",43.70%,"44,793",49.40%,"601,487",46.00%,"232,005",44.30%,"2,599,843",44.60%,"386,512",45.70%,"275,627",43.80%,"85,168",44.90%,"36,051",41.20%,"2,027,375",45.10%,"662,398",43.50%,"121,737",45.20%,"136,800",47.40%,"896,075",43.80%,"478,723",44.10%,"248,183",44.80%,"214,284",44.80%,"334,341",44.30%,"326,225",44.00%,"129,992",45.50%,"414,847",43.20%,"509,671",43.50%,"792,315",44.90%,"419,762",45.60%,"211,345",43.40%,"466,798",44.10%,"99,184",47.70%,"140,423",45.00%,"234,224",47.00%,"115,047",45.40%,"637,714",43.20%,"172,506",45.70%,"1,421,801",43.10%,"765,681",43.70%,"55,172",45.90%,"899,913",44.00%,"283,968",44.70%,"349,745",45.60%,"1,047,452",43.90%,"81,108",43.30%,"415,399",44.40%,"71,292",46.40%,"501,274",44.00%,"1,667,064",44.60%,"170,806",46.80%,"57,785",46.20%,"600,500",44.20%,"550,840",45.60%,"167,237",45.50%,"465,462",45.60%,"47,284",47.90%,"295,255",43.40%
            Female,"481,269",56.30%,"45,795",50.60%,"705,754",54.00%,"292,232",55.70%,"3,235,155",55.40%,"458,866",54.30%,"353,405",56.20%,"104,470",55.10%,"51,486",58.80%,"2,470,823",54.90%,"860,794",56.50%,"147,733",54.80%,"151,817",52.60%,"1,149,286",56.20%,"605,749",55.90%,"305,392",55.20%,"263,712",55.20%,"420,218",55.70%,"415,969",56.00%,"155,986",54.50%,"545,040",56.80%,"662,622",56.50%,"974,094",55.10%,"501,729",54.40%,"275,459",56.60%,"591,145",55.90%,"108,725",52.30%,"171,872",55.00%,"263,995",53.00%,"138,100",54.60%,"837,361",56.80%,"205,224",54.30%,"1,874,167",56.90%,"985,254",56.30%,"65,005",54.10%,"1,143,635",56.00%,"351,254",55.30%,"417,751",54.40%,"1,340,766",56.10%,"106,047",56.70%,"520,139",55.60%,"82,507",53.60%,"637,691",56.00%,"2,071,663",55.40%,"194,392",53.20%,"67,416",53.80%,"757,836",55.80%,"656,845",54.40%,"200,163",54.50%,"554,434",54.40%,"51,505",52.10%,"384,410",56.60%
            Sex ratio (males per 100 females),77.5,(X),97.8,(X),85.2,(X),79.4,(X),80.4,(X),84.2,(X),78,(X),81.5,(X),70,(X),82.1,(X),77,(X),82.4,(X),90.1,(X),78,(X),79,(X),81.3,(X),81.3,(X),79.6,(X),78.4,(X),83.3,(X),76.1,(X),76.9,(X),81.3,(X),83.7,(X),76.7,(X),79,(X),91.2,(X),81.7,(X),88.7,(X),83.3,(X),76.2,(X),84.1,(X),75.9,(X),77.7,(X),84.9,(X),78.7,(X),80.8,(X),83.7,(X),78.1,(X),76.5,(X),79.9,(X),86.4,(X),78.6,(X),80.5,(X),87.9,(X),85.7,(X),79.2,(X),83.9,(X),83.6,(X),84,(X),91.8,(X),76.8,(X)
RACE,,,,,,,,,,,,,,,,,,,,,,,,,,,,,,,,,,,,,,,,,,,,,,,,,,,,,,,,,,,,,,,,,,,,,,,,,,,,,,,,,,,,,,,,,,,,,,,,,,,,,,,,
    Total population,"4,903,185","4,903,185","731,545","731,545","7,278,717","7,278,717","3,017,804","3,017,804","39,512,223","39,512,223","5,758,736","5,758,736","3,565,287","3,565,287","973,764","973,764","705,749","705,749","21,477,737","21,477,737","10,617,423","10,617,423","1,415,872","1,415,872","1,787,065","1,787,065","12,671,821","12,671,821","6,732,219","6,732,219","3,155,070","3,155,070","2,913,314","2,913,314","4,467,673","4,467,673","4,648,794","4,648,794","1,344,212","1,344,212","6,045,680","6,045,680","6,892,503","6,892,503","9,986,857","9,986,857","5,639,632","5,639,632","2,976,149","2,976,149","6,137,428","6,137,428","1,068,778","1,068,778","1,934,408","1,934,408","3,080,156","3,080,156","1,359,711","1,359,711","8,882,190","8,882,190","2,096,829","2,096,829","19,453,561","19,453,561","10,488,084","10,488,084","762,062","762,062","11,689,100","11,689,100","3,956,971","3,956,971","4,217,737","4,217,737","12,801,989","12,801,989","1,059,361","1,059,361","5,148,714","5,148,714","884,659","884,659","6,829,174","6,829,174","28,995,881","28,995,881","3,205,958","3,205,958","623,989","623,989","8,535,519","8,535,519","7,614,893","7,614,893","1,792,147","1,792,147","5,822,434","5,822,434","578,759","578,759","3,193,694","3,193,694"
        One race,"4,811,663",98.10%,"674,069",92.10%,"6,998,143",96.10%,"2,934,201",97.20%,"37,534,078",95.00%,"5,525,793",96.00%,"3,434,219",96.30%,"943,597",96.90%,"682,428",96.70%,"20,846,185",97.10%,"10,333,002",97.30%,"1,099,404",77.60%,"1,728,365",96.70%,"12,319,888",97.20%,"6,557,936",97.40%,"3,086,822",97.80%,"2,804,543",96.30%,"4,363,515",97.70%,"4,555,727",98.00%,"1,315,676",97.90%,"5,840,122",96.60%,"6,642,044",96.40%,"9,684,517",97.00%,"5,453,049",96.70%,"2,932,485",98.50%,"5,965,175",97.20%,"1,032,261",96.60%,"1,881,025",97.20%,"2,935,948",95.30%,"1,329,506",97.80%,"8,617,761",97.00%,"2,024,385",96.50%,"18,804,263",96.70%,"10,192,947",97.20%,"736,917",96.70%,"11,345,759",97.10%,"3,656,806",92.40%,"4,010,412",95.10%,"12,469,281",97.40%,"1,014,761",95.80%,"5,023,183",97.60%,"859,961",97.20%,"6,672,928",97.70%,"28,159,954",97.10%,"3,102,384",96.80%,"608,622",97.50%,"8,215,287",96.20%,"7,161,398",94.00%,"1,759,897",98.20%,"5,685,400",97.60%,"562,936",97.30%,"2,966,604",92.90%
        Two or more races,"91,522",1.90%,"57,476",7.90%,"280,574",3.90%,"83,603",2.80%,"1,978,145",5.00%,"232,943",4.00%,"131,068",3.70%,"30,167",3.10%,"23,321",3.30%,"631,552",2.90%,"284,421",2.70%,"316,468",22.40%,"58,700",3.30%,"351,933",2.80%,"174,283",2.60%,"68,248",2.20%,"108,771",3.70%,"104,158",2.30%,"93,067",2.00%,"28,536",2.10%,"205,558",3.40%,"250,459",3.60%,"302,340",3.00%,"186,583",3.30%,"43,664",1.50%,"172,253",2.80%,"36,517",3.40%,"53,383",2.80%,"144,208",4.70%,"30,205",2.20%,"264,429",3.00%,"72,444",3.50%,"649,298",3.30%,"295,137",2.80%,"25,145",3.30%,"343,341",2.90%,"300,165",7.60%,"207,325",4.90%,"332,708",2.60%,"44,600",4.20%,"125,531",2.40%,"24,698",2.80%,"156,246",2.30%,"835,927",2.90%,"103,574",3.20%,"15,367",2.50%,"320,232",3.80%,"453,495",6.00%,"32,250",1.80%,"137,034",2.40%,"15,823",2.70%,"227,090",7.10%
        One race,"4,811,663",98.10%,"674,069",92.10%,"6,998,143",96.10%,"2,934,201",97.20%,"37,534,078",95.00%,"5,525,793",96.00%,"3,434,219",96.30%,"943,597",96.90%,"682,428",96.70%,"20,846,185",97.10%,"10,333,002",97.30%,"1,099,404",77.60%,"1,728,365",96.70%,"12,319,888",97.20%,"6,557,936",97.40%,"3,086,822",97.80%,"2,804,543",96.30%,"4,363,515",97.70%,"4,555,727",98.00%,"1,315,676",97.90%,"5,840,122",96.60%,"6,642,044",96.40%,"9,684,517",97.00%,"5,453,049",96.70%,"2,932,485",98.50%,"5,965,175",97.20%,"1,032,261",96.60%,"1,881,025",97.20%,"2,935,948",95.30%,"1,329,506",97.80%,"8,617,761",97.00%,"2,024,385",96.50%,"18,804,263",96.70%,"10,192,947",97.20%,"736,917",96.70%,"11,345,759",97.10%,"3,656,806",92.40%,"4,010,412",95.10%,"12,469,281",97.40%,"1,014,761",95.80%,"5,023,183",97.60%,"859,961",97.20%,"6,672,928",97.70%,"28,159,954",97.10%,"3,102,384",96.80%,"608,622",97.50%,"8,215,287",96.20%,"7,161,398",94.00%,"1,759,897",98.20%,"5,685,400",97.60%,"562,936",97.30%,"2,966,604",92.90%
            White,"3,326,375",67.80%,"469,771",64.20%,"5,701,810",78.30%,"2,315,020",76.70%,"23,484,958",59.40%,"4,822,379",83.70%,"2,660,228",74.60%,"659,719",67.70%,"300,058",42.50%,"16,010,079",74.50%,"6,131,699",57.80%,"341,211",24.10%,"1,596,918",89.40%,"9,044,059",71.40%,"5,571,899",82.80%,"2,835,536",89.90%,"2,436,902",83.60%,"3,873,691",86.70%,"2,874,784",61.80%,"1,263,287",94.00%,"3,296,909",54.50%,"5,305,385",77.00%,"7,812,165",78.20%,"4,627,588",82.10%,"1,726,970",58.00%,"5,022,939",81.80%,"940,423",88.00%,"1,666,763",86.20%,"1,989,116",64.60%,"1,258,576",92.60%,"5,964,295",67.10%,"1,549,953",73.90%,"12,293,680",63.20%,"7,144,510",68.10%,"653,910",85.80%,"9,452,650",80.90%,"2,865,785",72.40%,"3,523,853",83.50%,"10,193,792",79.60%,"833,690",78.70%,"3,434,467",66.70%,"743,764",84.10%,"5,272,910",77.20%,"21,273,326",73.40%,"2,799,527",87.30%,"585,117",93.80%,"5,714,646",67.00%,"5,651,091",74.20%,"1,668,004",93.10%,"4,963,354",85.20%,"525,860",90.90%,"2,054,764",64.30%
            Black or African American,"1,319,551",26.90%,"22,551",3.10%,"343,729",4.70%,"467,468",15.50%,"2,282,144",5.80%,"240,538",4.20%,"396,745",11.10%,"219,418",22.50%,"320,704",45.40%,"3,441,062",16.00%,"3,390,968",31.90%,"26,923",1.90%,"12,708",0.70%,"1,790,212",14.10%,"643,105",9.60%,"129,335",4.10%,"167,237",5.70%,"363,167",8.10%,"1,504,017",32.40%,"21,983",1.60%,"1,830,059",30.30%,"543,629",7.90%,"1,371,069",13.70%,"370,291",6.60%,"1,130,608",38.00%,"703,058",11.50%,"7,787",0.70%,"94,659",4.90%,"296,184",9.60%,"22,000",1.60%,"1,203,843",13.60%,"48,337",2.30%,"3,084,304",15.90%,"2,253,481",21.50%,"22,256",2.90%,"1,467,331",12.60%,"287,414",7.30%,"77,918",1.80%,"1,454,753",11.40%,"78,143",7.40%,"1,362,917",26.50%,"20,866",2.40%,"1,141,304",16.70%,"3,553,922",12.30%,"36,918",1.20%,"9,435",1.50%,"1,659,908",19.40%,"305,924",4.00%,"65,925",3.70%,"374,747",6.40%,"7,116",1.20%,"395,439",12.40%
            American Indian and Alaska Native,"23,265",0.50%,"115,544",15.80%,"332,273",4.60%,"17,216",0.60%,"321,112",0.80%,"57,578",1.00%,"9,052",0.30%,"4,353",0.40%,"1,886",0.30%,"59,558",0.30%,"42,316",0.40%,"6,129",0.40%,"22,867",1.30%,"32,600",0.30%,"18,416",0.30%,"11,837",0.40%,"23,860",0.80%,"8,326",0.20%,"28,561",0.60%,"9,419",0.70%,"19,164",0.30%,"17,875",0.30%,"57,785",0.60%,"57,414",1.00%,"14,634",0.50%,"25,516",0.40%,"67,603",6.30%,"18,964",1.00%,"42,426",1.40%,"1,727",0.10%,"18,440",0.20%,"199,341",9.50%,"73,560",0.40%,"126,708",1.20%,"40,970",5.40%,"23,544",0.20%,"316,929",8.00%,"50,417",1.20%,"27,088",0.20%,"3,341",0.30%,"18,971",0.40%,"75,809",8.60%,"20,431",0.30%,"144,993",0.50%,"35,368",1.10%,"2,928",0.50%,"23,388",0.30%,"103,882",1.40%,"3,601",0.20%,"54,577",0.90%,"13,774",2.40%,"3,082",0.10%
                Cherokee tribal grouping,N,N,"1,517",0.20%,"1,639",0.00%,N,N,"17,762",0.00%,"3,502",0.10%,N,N,N,N,N,N,"8,613",0.00%,"5,728",0.10%,636,0.00%,472,0.00%,"2,794",0.00%,"3,589",0.10%,539,0.00%,"4,058",0.10%,N,N,"1,811",0.00%,N,N,N,N,751,0.00%,"3,392",0.00%,257,0.00%,N,N,"7,324",0.10%,34,0.00%,"1,148",0.10%,"1,145",0.00%,N,N,"1,371",0.00%,"1,164",0.10%,"1,613",0.00%,"18,048",0.20%,575,0.10%,"4,217",0.00%,"125,503",3.20%,"4,300",0.10%,"2,792",0.00%,N,N,"3,415",0.10%,527,0.10%,"5,426",0.10%,"17,847",0.10%,951,0.00%,N,N,"3,369",0.00%,"3,419",0.00%,N,N,585,0.00%,197,0.00%,N,N
                Chippewa tribal grouping,N,N,247,0.00%,"1,363",0.00%,N,N,"2,599",0.00%,656,0.00%,N,N,N,N,N,N,"1,794",0.00%,622,0.00%,90,0.00%,311,0.00%,"1,000",0.00%,288,0.00%,505,0.00%,295,0.00%,N,N,231,0.00%,N,N,N,N,130,0.00%,"26,322",0.30%,"37,066",0.70%,N,N,518,0.00%,"4,448",0.40%,532,0.00%,88,0.00%,N,N,77,0.00%,134,0.00%,450,0.00%,522,0.00%,"15,955",2.10%,496,0.00%,441,0.00%,"1,304",0.00%,658,0.00%,N,N,408,0.00%,273,0.00%,"1,778",0.00%,630,0.00%,85,0.00%,N,N,170,0.00%,"2,603",0.00%,N,N,"20,131",0.30%,518,0.10%,N,N
                Navajo tribal grouping,N,N,138,0.00%,"160,420",2.20%,N,N,"10,301",0.00%,"10,709",0.20%,N,N,N,N,N,N,"1,609",0.00%,644,0.00%,141,0.00%,"1,427",0.10%,778,0.00%,299,0.00%,353,0.00%,"3,195",0.10%,N,N,462,0.00%,N,N,N,N,579,0.00%,868,0.00%,63,0.00%,N,N,603,0.00%,996,0.10%,99,0.00%,938,0.00%,N,N,34,0.00%,"117,331",5.60%,636,0.00%,952,0.00%,140,0.00%,315,0.00%,697,0.00%,"1,256",0.00%,36,0.00%,N,N,136,0.00%,217,0.00%,0,0.00%,"3,891",0.00%,"14,071",0.40%,N,N,629,0.00%,"3,387",0.00%,N,N,264,0.00%,645,0.10%,N,N
                Sioux tribal grouping,N,N,41,0.00%,"1,956",0.00%,N,N,"2,897",0.00%,"2,476",0.00%,N,N,N,N,N,N,608,0.00%,191,0.00%,66,0.00%,"1,116",0.10%,584,0.00%,327,0.00%,"1,195",0.00%,728,0.00%,N,N,282,0.00%,N,N,N,N,132,0.00%,632,0.00%,"6,216",0.10%,N,N,"1,862",0.00%,"1,527",0.10%,"5,928",0.30%,"1,462",0.00%,N,N,594,0.00%,"1,824",0.10%,526,0.00%,616,0.00%,"12,723",1.70%,313,0.00%,"1,275",0.00%,"1,831",0.00%,544,0.00%,N,N,315,0.00%,"60,561",6.80%,302,0.00%,"1,897",0.00%,716,0.00%,N,N,274,0.00%,"1,284",0.00%,N,N,670,0.00%,879,0.20%,N,N
            Asian,"66,129",1.30%,"43,678",6.00%,"241,721",3.30%,"46,078",1.50%,"5,865,435",14.80%,"188,461",3.30%,"166,393",4.70%,"36,592",3.80%,"28,722",4.10%,"599,799",2.80%,"439,416",4.10%,"547,843",38.70%,"25,969",1.50%,"717,992",5.70%,"170,566",2.50%,"76,134",2.40%,"87,018",3.00%,"73,087",1.60%,"81,506",1.80%,"15,323",1.10%,"386,194",6.40%,"472,895",6.90%,"327,230",3.30%,"285,630",5.10%,"31,154",1.00%,"127,154",2.10%,"8,927",0.80%,"47,740",2.50%,"261,159",8.50%,"35,807",2.60%,"856,561",9.60%,"36,549",1.70%,"1,680,219",8.60%,"309,905",3.00%,"10,669",1.40%,"274,585",2.30%,"89,950",2.30%,"194,068",4.60%,"453,662",3.50%,"37,101",3.50%,"86,571",1.70%,"11,530",1.30%,"125,742",1.80%,"1,446,073",5.00%,"76,470",2.40%,"8,603",1.40%,"565,643",6.60%,"684,967",9.00%,"14,311",0.80%,"167,420",2.90%,"4,633",0.80%,"6,573",0.20%
                Asian Indian,"13,010",0.30%,671,0.10%,"71,377",1.00%,"11,454",0.40%,"816,536",2.10%,"27,463",0.50%,"60,888",1.70%,"16,039",1.60%,"9,305",1.30%,"177,845",0.80%,"152,164",1.40%,"3,014",0.20%,"2,434",0.10%,"242,823",1.90%,"47,401",0.70%,"14,235",0.50%,"16,564",0.60%,"25,357",0.60%,"14,042",0.30%,"1,933",0.10%,"107,430",1.80%,"124,952",1.80%,"116,602",1.20%,"50,361",0.90%,"7,131",0.20%,"32,155",0.50%,704,0.10%,"6,992",0.40%,"17,102",0.60%,"11,791",0.90%,"384,988",4.30%,"4,154",0.20%,"372,908",1.90%,"105,637",1.00%,638,0.10%,"97,858",0.80%,"14,789",0.40%,"24,830",0.60%,"148,419",1.20%,"7,385",0.70%,"24,950",0.50%,652,0.10%,"33,243",0.50%,"483,245",1.70%,"14,725",0.50%,"1,890",0.30%,"153,002",1.80%,"127,139",1.70%,"3,480",0.20%,"36,049",0.60%,N,N,N,N
                Chinese,"15,902",0.30%,"1,778",0.20%,"43,182",0.60%,"7,021",0.20%,"1,628,249",4.10%,"38,916",0.70%,"42,446",1.20%,"8,283",0.90%,"7,397",1.00%,"100,739",0.50%,"62,181",0.60%,"53,746",3.80%,"7,736",0.40%,"141,359",1.10%,"34,725",0.50%,"14,215",0.50%,"16,485",0.60%,"10,414",0.20%,"11,159",0.20%,"3,555",0.30%,"84,044",1.40%,"179,286",2.60%,"54,705",0.50%,"27,378",0.50%,"4,575",0.20%,"33,349",0.50%,"2,267",0.20%,"5,680",0.30%,"42,463",1.40%,"7,811",0.60%,"151,613",1.70%,"6,475",0.30%,"716,683",3.70%,"51,058",0.50%,"2,107",0.30%,"59,478",0.50%,"9,134",0.20%,"45,868",1.10%,"110,827",0.90%,"7,198",0.70%,"16,859",0.30%,"1,475",0.20%,"22,441",0.30%,"222,995",0.80%,"13,803",0.40%,"2,538",0.40%,"83,238",1.00%,"162,353",2.10%,"3,194",0.20%,"22,622",0.40%,N,N,N,N
                Filipino,"7,149",0.10%,"25,339",3.50%,"46,314",0.60%,"6,134",0.20%,"1,328,347",3.40%,"23,481",0.40%,"15,296",0.40%,"3,367",0.30%,"2,436",0.30%,"111,556",0.50%,"24,724",0.20%,"221,724",15.70%,"2,786",0.20%,"126,628",1.00%,"17,276",0.30%,"5,958",0.20%,"5,768",0.20%,"6,747",0.20%,"7,887",0.20%,"2,161",0.20%,"49,651",0.80%,"17,344",0.30%,"22,107",0.20%,"13,952",0.20%,"4,736",0.20%,"17,701",0.30%,"1,757",0.20%,"2,908",0.20%,"134,402",4.40%,"3,633",0.30%,"105,361",1.20%,"10,023",0.50%,"116,857",0.60%,"28,599",0.30%,"2,023",0.30%,"23,316",0.20%,"9,436",0.20%,"21,073",0.50%,"27,327",0.20%,"2,183",0.20%,"11,985",0.20%,"1,719",0.20%,"12,151",0.20%,"139,905",0.50%,"10,257",0.30%,"1,029",0.20%,"71,823",0.80%,"112,951",1.50%,"2,656",0.10%,"12,668",0.20%,N,N,N,N
                Japanese,"2,065",0.00%,"2,272",0.30%,"9,742",0.10%,"1,249",0.00%,"252,193",0.60%,"11,263",0.20%,"3,166",0.10%,601,0.10%,499,0.10%,"13,500",0.10%,"10,103",0.10%,"172,049",12.20%,"2,186",0.10%,"21,568",0.20%,"5,255",0.10%,"1,087",0.00%,"3,638",0.10%,"4,777",0.10%,"2,109",0.00%,891,0.10%,"7,689",0.10%,"11,368",0.20%,"12,197",0.10%,"3,621",0.10%,929,0.00%,"2,866",0.00%,"1,316",0.10%,"2,336",0.10%,"14,388",0.50%,"1,003",0.10%,"14,230",0.20%,"2,192",0.10%,"31,821",0.20%,"7,827",0.10%,608,0.10%,"9,017",0.10%,"2,785",0.10%,"14,205",0.30%,"6,682",0.10%,"1,728",0.20%,"1,780",0.00%,508,0.10%,"3,253",0.00%,"21,823",0.10%,"7,008",0.20%,352,0.10%,"10,524",0.10%,"37,804",0.50%,393,0.00%,"2,893",0.00%,N,N,N,N
                Korean,"12,376",0.30%,"5,929",0.80%,"16,047",0.20%,"3,209",0.10%,"467,209",1.20%,"24,033",0.40%,"12,134",0.30%,"2,425",0.20%,"3,877",0.50%,"24,762",0.10%,"52,871",0.50%,"24,271",1.70%,"1,983",0.10%,"58,037",0.50%,"15,917",0.20%,"7,478",0.20%,"4,201",0.10%,"4,844",0.10%,"2,634",0.10%,687,0.10%,"40,281",0.70%,"23,560",0.30%,"27,834",0.30%,"14,644",0.30%,"1,314",0.00%,"8,742",0.10%,"1,071",0.10%,"4,512",0.20%,"13,907",0.50%,"2,497",0.20%,"98,170",1.10%,"2,329",0.10%,"121,947",0.60%,"22,493",0.20%,881,0.10%,"15,358",0.10%,"5,037",0.10%,"20,794",0.50%,"42,660",0.30%,"2,637",0.20%,"5,229",0.10%,"1,564",0.20%,"10,455",0.20%,"78,971",0.30%,"5,053",0.20%,465,0.10%,"65,971",0.80%,"68,788",0.90%,"1,283",0.10%,"7,999",0.10%,N,N,N,N
                Vietnamese,"7,456",0.20%,"1,013",0.10%,"24,011",0.30%,"4,588",0.20%,"679,781",1.70%,"23,860",0.40%,"7,408",0.20%,"2,315",0.20%,"2,609",0.40%,"91,040",0.40%,"71,583",0.70%,"9,650",0.70%,"1,926",0.10%,"29,296",0.20%,"10,747",0.20%,"10,978",0.30%,"12,951",0.40%,"4,882",0.10%,"33,698",0.70%,"1,828",0.10%,"29,937",0.50%,"48,205",0.70%,"16,089",0.20%,"27,984",0.50%,"10,594",0.40%,"16,718",0.30%,181,0.00%,"11,460",0.60%,"12,115",0.40%,"1,969",0.10%,"21,769",0.20%,"7,335",0.30%,"29,460",0.20%,"32,728",0.30%,797,0.10%,"16,537",0.10%,"25,455",0.60%,"33,112",0.80%,"35,459",0.30%,"1,272",0.10%,"10,539",0.20%,"1,883",0.20%,"12,194",0.20%,"273,257",0.90%,"8,235",0.30%,281,0.00%,"68,474",0.80%,"80,453",1.10%,905,0.10%,"6,660",0.10%,N,N,N,N
                Other Asian,"8,171",0.20%,"6,676",0.90%,"31,048",0.40%,"12,423",0.40%,"693,120",1.80%,"39,445",0.70%,"25,055",0.70%,"3,562",0.40%,"2,599",0.40%,"80,357",0.40%,"65,790",0.60%,"63,389",4.50%,"6,918",0.40%,"98,281",0.80%,"39,245",0.60%,"22,183",0.70%,"27,411",0.90%,"16,066",0.40%,"9,977",0.20%,"4,268",0.30%,"67,162",1.10%,"68,180",1.00%,"77,696",0.80%,"147,690",2.60%,"1,875",0.10%,"15,623",0.30%,"1,631",0.20%,"13,852",0.70%,"26,782",0.90%,"7,103",0.50%,"80,430",0.90%,"4,041",0.20%,"290,543",1.50%,"61,563",0.60%,"3,615",0.50%,"53,021",0.50%,"23,314",0.60%,"34,186",0.80%,"82,288",0.60%,"14,698",1.40%,"15,229",0.30%,"3,729",0.40%,"32,005",0.50%,"225,877",0.80%,"17,389",0.50%,"2,048",0.30%,"112,611",1.30%,"95,479",1.30%,"2,400",0.10%,"78,529",1.30%,N,N,N,N
            Native Hawaiian and Other Pacific Islander,"1,892",0.00%,"9,923",1.40%,"14,168",0.20%,"12,829",0.40%,"155,871",0.40%,"7,756",0.10%,"1,155",0.00%,428,0.00%,190,0.00%,"16,162",0.10%,"6,947",0.10%,"152,601",10.80%,"2,475",0.10%,"4,511",0.00%,"3,254",0.00%,"2,029",0.10%,"2,453",0.10%,"4,212",0.10%,971,0.00%,222,0.00%,"2,453",0.00%,"2,998",0.00%,"2,078",0.00%,"2,753",0.00%,175,0.00%,"10,214",0.20%,224,0.00%,"1,850",0.10%,"22,587",0.70%,713,0.10%,"3,254",0.00%,924,0.00%,"8,277",0.00%,"6,878",0.10%,"2,792",0.40%,"5,274",0.00%,"4,808",0.10%,"14,182",0.30%,"4,148",0.00%,250,0.00%,"7,572",0.10%,"2,073",0.20%,"3,469",0.10%,"27,026",0.10%,"30,725",1.00%,386,0.10%,"5,039",0.10%,"50,139",0.70%,399,0.00%,"4,220",0.10%,754,0.10%,183,0.00%
                Native Hawaiian,"1,241",0.00%,N,N,"3,464",0.00%,N,N,"25,912",0.10%,"3,200",0.10%,N,N,N,N,N,N,"3,912",0.00%,"2,293",0.00%,"90,070",6.40%,921,0.10%,"2,312",0.00%,743,0.00%,N,N,503,0.00%,"1,327",0.00%,N,N,N,N,962,0.00%,"1,076",0.00%,507,0.00%,"1,227",0.00%,N,N,"2,295",0.00%,N,N,779,0.00%,"9,428",0.30%,N,N,568,0.00%,N,N,"3,152",0.00%,"3,684",0.00%,N,N,"1,656",0.00%,"1,180",0.00%,"2,715",0.10%,"1,480",0.00%,N,N,898,0.00%,N,N,"1,740",0.00%,"7,682",0.00%,"1,383",0.00%,N,N,"1,540",0.00%,"7,928",0.10%,N,N,"1,191",0.00%,N,N,N,N
                Guamanian or Chamorro,226,0.00%,N,N,"2,713",0.00%,N,N,"24,757",0.10%,910,0.00%,N,N,N,N,N,N,"2,529",0.00%,"1,668",0.00%,"1,847",0.10%,278,0.00%,459,0.00%,409,0.00%,N,N,411,0.00%,"1,007",0.00%,N,N,N,N,602,0.00%,505,0.00%,159,0.00%,89,0.00%,N,N,"1,047",0.00%,N,N,191,0.00%,"5,606",0.20%,N,N,548,0.00%,N,N,797,0.00%,"1,195",0.00%,N,N,416,0.00%,972,0.00%,"1,884",0.00%,833,0.00%,N,N,913,0.00%,N,N,347,0.00%,"6,416",0.00%,823,0.00%,N,N,"1,576",0.00%,"13,686",0.20%,N,N,533,0.00%,N,N,N,N
                Samoan,0,0.00%,N,N,"3,252",0.00%,N,N,"36,443",0.10%,"2,107",0.00%,N,N,N,N,N,N,653,0.00%,726,0.00%,"15,174",1.10%,206,0.00%,465,0.00%,420,0.00%,N,N,778,0.00%,149,0.00%,N,N,N,N,669,0.00%,525,0.00%,182,0.00%,249,0.00%,N,N,"4,617",0.10%,N,N,224,0.00%,"4,102",0.10%,N,N,805,0.00%,N,N,458,0.00%,893,0.00%,N,N,"1,016",0.00%,287,0.00%,"1,999",0.00%,415,0.00%,N,N,50,0.00%,N,N,673,0.00%,"3,569",0.00%,"11,399",0.40%,N,N,"1,175",0.00%,"11,327",0.10%,N,N,510,0.00%,N,N,N,N
                Other Pacific Islander,425,0.00%,N,N,"4,739",0.10%,N,N,"68,759",0.20%,"1,539",0.00%,N,N,N,N,N,N,"9,068",0.00%,"2,260",0.00%,"45,510",3.20%,"1,070",0.10%,"1,275",0.00%,"1,682",0.00%,N,N,761,0.00%,"1,729",0.00%,N,N,N,N,220,0.00%,892,0.00%,"1,230",0.00%,"1,188",0.00%,N,N,"2,255",0.00%,N,N,656,0.00%,"3,451",0.10%,N,N,"1,333",0.00%,N,N,"3,870",0.00%,"1,106",0.00%,N,N,"2,186",0.00%,"2,369",0.10%,"7,584",0.20%,"1,420",0.00%,N,N,"5,711",0.10%,N,N,709,0.00%,"9,359",0.00%,"17,120",0.50%,N,N,748,0.00%,"17,198",0.20%,N,N,"1,986",0.00%,N,N,N,N
            Some other race,"74,451",1.50%,"12,602",1.70%,"364,442",5.00%,"75,590",2.50%,"5,424,558",13.70%,"209,081",3.60%,"200,646",5.60%,"23,087",2.40%,"30,868",4.40%,"719,525",3.40%,"321,656",3.00%,"24,697",1.70%,"67,428",3.80%,"730,514",5.80%,"150,696",2.20%,"31,951",1.00%,"87,073",3.00%,"41,032",0.90%,"65,888",1.40%,"5,442",0.40%,"305,343",5.10%,"299,262",4.30%,"114,190",1.10%,"109,373",1.90%,"28,944",1.00%,"76,294",1.20%,"7,297",0.70%,"51,049",2.60%,"324,476",10.50%,"10,683",0.80%,"571,368",6.40%,"189,281",9.00%,"1,664,223",8.60%,"351,465",3.40%,"6,320",0.80%,"122,375",1.00%,"91,920",2.30%,"149,974",3.60%,"335,838",2.60%,"62,236",5.90%,"112,685",2.20%,"5,919",0.70%,"109,072",1.60%,"1,714,614",5.90%,"123,376",3.80%,"2,153",0.30%,"246,663",2.90%,"365,395",4.80%,"7,657",0.40%,"121,082",2.10%,"10,799",1.90%,"506,563",15.90%
        Two or more races,"91,522",1.90%,"57,476",7.90%,"280,574",3.90%,"83,603",2.80%,"1,978,145",5.00%,"232,943",4.00%,"131,068",3.70%,"30,167",3.10%,"23,321",3.30%,"631,552",2.90%,"284,421",2.70%,"316,468",22.40%,"58,700",3.30%,"351,933",2.80%,"174,283",2.60%,"68,248",2.20%,"108,771",3.70%,"104,158",2.30%,"93,067",2.00%,"28,536",2.10%,"205,558",3.40%,"250,459",3.60%,"302,340",3.00%,"186,583",3.30%,"43,664",1.50%,"172,253",2.80%,"36,517",3.40%,"53,383",2.80%,"144,208",4.70%,"30,205",2.20%,"264,429",3.00%,"72,444",3.50%,"649,298",3.30%,"295,137",2.80%,"25,145",3.30%,"343,341",2.90%,"300,165",7.60%,"207,325",4.90%,"332,708",2.60%,"44,600",4.20%,"125,531",2.40%,"24,698",2.80%,"156,246",2.30%,"835,927",2.90%,"103,574",3.20%,"15,367",2.50%,"320,232",3.80%,"453,495",6.00%,"32,250",1.80%,"137,034",2.40%,"15,823",2.70%,"227,090",7.10%
            White and Black or African American,"34,445",0.70%,"7,397",1.00%,"61,967",0.90%,"26,888",0.90%,"283,466",0.70%,"46,426",0.80%,"50,094",1.40%,"14,479",1.50%,"7,476",1.10%,"233,440",1.10%,"114,824",1.10%,"7,642",0.50%,"6,701",0.40%,"116,523",0.90%,"80,948",1.20%,"29,904",0.90%,"35,881",1.20%,"52,195",1.20%,"31,724",0.70%,"6,660",0.50%,"75,321",1.20%,"111,245",1.60%,"121,042",1.20%,"63,104",1.10%,"20,886",0.70%,"72,474",1.20%,"3,649",0.30%,"17,833",0.90%,"32,725",1.10%,"7,154",0.50%,"88,907",1.00%,"14,911",0.70%,"206,607",1.10%,"110,955",1.10%,"6,614",0.90%,"173,377",1.50%,"42,163",1.10%,"35,623",0.80%,"146,125",1.10%,"13,825",1.30%,"58,428",1.10%,"3,896",0.40%,"67,718",1.00%,"248,201",0.90%,"15,140",0.50%,"2,609",0.40%,"113,091",1.30%,"81,690",1.10%,"16,776",0.90%,"51,215",0.90%,"3,802",0.70%,"200,316",6.30%
            White and American Indian and Alaska Native,"24,552",0.50%,"24,557",3.40%,"56,836",0.80%,"31,720",1.10%,"289,679",0.70%,"56,170",1.00%,"11,397",0.30%,"2,456",0.30%,692,0.10%,"77,098",0.40%,"26,216",0.20%,"6,647",0.50%,"16,505",0.90%,"37,684",0.30%,"25,747",0.40%,"8,747",0.30%,"33,107",1.10%,"15,147",0.30%,"20,778",0.40%,"9,049",0.70%,"13,663",0.20%,"17,468",0.30%,"63,669",0.60%,"42,625",0.80%,"7,269",0.20%,"39,846",0.60%,"18,656",1.70%,"10,973",0.60%,"16,746",0.50%,"8,534",0.60%,"14,459",0.20%,"16,716",0.80%,"49,579",0.30%,"39,506",0.40%,"10,230",1.30%,"41,185",0.40%,"187,502",4.70%,"67,640",1.60%,"31,156",0.20%,"4,655",0.40%,"15,969",0.30%,"14,904",1.70%,"24,940",0.40%,"135,993",0.50%,"15,377",0.50%,"5,185",0.80%,"27,100",0.30%,"92,029",1.20%,"5,123",0.30%,"28,141",0.50%,"4,288",0.70%,792,0.00%
            White and Asian,"14,446",0.30%,"11,989",1.60%,"62,786",0.90%,"9,614",0.30%,"611,518",1.50%,"55,654",1.00%,"22,678",0.60%,"5,604",0.60%,"7,053",1.00%,"116,163",0.50%,"53,685",0.50%,"76,957",5.40%,"14,431",0.80%,"86,933",0.70%,"26,265",0.40%,"16,783",0.50%,"16,622",0.60%,"15,706",0.40%,"12,626",0.30%,"6,710",0.50%,"53,553",0.90%,"59,579",0.90%,"54,495",0.50%,"38,297",0.70%,"6,717",0.20%,"27,172",0.40%,"5,324",0.50%,"10,695",0.60%,"36,569",1.20%,"10,080",0.70%,"62,536",0.70%,"10,277",0.50%,"129,542",0.70%,"49,945",0.50%,"4,955",0.70%,"55,583",0.50%,"14,964",0.40%,"49,794",1.20%,"60,849",0.50%,"7,802",0.70%,"17,552",0.30%,"2,257",0.30%,"28,119",0.40%,"158,222",0.50%,"30,520",1.00%,"5,750",0.90%,"94,105",1.10%,"140,753",1.80%,"3,678",0.20%,"26,491",0.50%,"2,193",0.40%,"1,193",0.00%
            Black or African American and American Indian and Alaska Native,"1,663",0.00%,"1,208",0.20%,"7,782",0.10%,"2,596",0.10%,"33,957",0.10%,"4,442",0.10%,"5,444",0.20%,428,0.00%,"2,396",0.30%,"10,063",0.00%,"8,848",0.10%,388,0.00%,586,0.00%,"6,079",0.00%,"2,363",0.00%,388,0.00%,"3,223",0.10%,"1,708",0.00%,"7,179",0.20%,308,0.00%,"10,495",0.20%,"4,666",0.10%,"11,036",0.10%,"3,483",0.10%,"1,686",0.10%,"3,833",0.10%,755,0.10%,669,0.00%,"3,708",0.10%,36,0.00%,"7,972",0.10%,"2,170",0.10%,"19,784",0.10%,"19,634",0.20%,625,0.10%,"11,900",0.10%,"20,852",0.50%,926,0.00%,"13,744",0.10%,"1,092",0.10%,"4,829",0.10%,"1,082",0.10%,"5,281",0.10%,"21,053",0.10%,"1,085",0.00%,0,0.00%,"13,676",0.20%,"5,717",0.10%,"1,300",0.10%,"3,944",0.10%,17,0.00%,"1,216",0.00%
Race alone or in combination with one or more other races,,,,,,,,,,,,,,,,,,,,,,,,,,,,,,,,,,,,,,,,,,,,,,,,,,,,,,,,,,,,,,,,,,,,,,,,,,,,,,,,,,,,,,,,,,,,,,,,,,,,,,,,
    Total population,"4,903,185","4,903,185","731,545","731,545","7,278,717","7,278,717","3,017,804","3,017,804","39,512,223","39,512,223","5,758,736","5,758,736","3,565,287","3,565,287","973,764","973,764","705,749","705,749","21,477,737","21,477,737","10,617,423","10,617,423","1,415,872","1,415,872","1,787,065","1,787,065","12,671,821","12,671,821","6,732,219","6,732,219","3,155,070","3,155,070","2,913,314","2,913,314","4,467,673","4,467,673","4,648,794","4,648,794","1,344,212","1,344,212","6,045,680","6,045,680","6,892,503","6,892,503","9,986,857","9,986,857","5,639,632","5,639,632","2,976,149","2,976,149","6,137,428","6,137,428","1,068,778","1,068,778","1,934,408","1,934,408","3,080,156","3,080,156","1,359,711","1,359,711","8,882,190","8,882,190","2,096,829","2,096,829","19,453,561","19,453,561","10,488,084","10,488,084","762,062","762,062","11,689,100","11,689,100","3,956,971","3,956,971","4,217,737","4,217,737","12,801,989","12,801,989","1,059,361","1,059,361","5,148,714","5,148,714","884,659","884,659","6,829,174","6,829,174","28,995,881","28,995,881","3,205,958","3,205,958","623,989","623,989","8,535,519","8,535,519","7,614,893","7,614,893","1,792,147","1,792,147","5,822,434","5,822,434","578,759","578,759","3,193,694","3,193,694"
        White,"3,409,415",69.50%,"521,962",71.40%,"5,947,783",81.70%,"2,391,900",79.30%,"25,133,071",63.60%,"5,029,314",87.30%,"2,772,139",77.80%,"686,096",70.50%,"318,457",45.10%,"16,553,934",77.10%,"6,363,129",59.90%,"582,436",41.10%,"1,652,946",92.50%,"9,353,507",73.80%,"5,732,778",85.20%,"2,900,114",91.90%,"2,537,764",87.10%,"3,971,124",88.90%,"2,954,143",63.50%,"1,289,759",95.90%,"3,467,089",57.30%,"5,525,268",80.20%,"8,091,386",81.00%,"4,800,334",85.10%,"1,766,642",59.40%,"5,184,435",84.50%,"973,711",91.10%,"1,715,918",88.70%,"2,105,913",68.40%,"1,287,518",94.70%,"6,174,937",69.50%,"1,610,185",76.80%,"12,796,656",65.80%,"7,393,223",70.50%,"677,907",89.00%,"9,765,556",83.50%,"3,135,648",79.20%,"3,717,165",88.10%,"10,483,806",81.90%,"869,057",82.00%,"3,544,015",68.80%,"766,781",86.70%,"5,413,418",79.30%,"21,995,420",75.90%,"2,893,306",90.20%,"600,353",96.20%,"5,994,267",70.20%,"6,056,387",79.50%,"1,697,080",94.70%,"5,088,607",87.40%,"540,317",93.40%,"2,275,620",71.30%
        Black or African American,"1,364,474",27.80%,"34,639",4.70%,"434,612",6.00%,"502,913",16.70%,"2,782,446",7.00%,"313,737",5.40%,"470,791",13.20%,"237,780",24.40%,"333,312",47.20%,"3,772,874",17.60%,"3,556,697",33.50%,"49,041",3.50%,"21,666",1.20%,"1,951,681",15.40%,"740,150",11.00%,"162,710",5.20%,"214,714",7.40%,"424,716",9.50%,"1,554,297",33.40%,"32,313",2.40%,"1,946,932",32.20%,"684,786",9.90%,"1,528,779",15.30%,"454,116",8.10%,"1,156,497",38.90%,"792,197",12.90%,"14,608",1.40%,"117,408",6.10%,"347,489",11.30%,"30,557",2.20%,"1,339,574",15.10%,"70,254",3.40%,"3,424,002",17.60%,"2,424,132",23.10%,"30,067",3.90%,"1,686,729",14.40%,"365,883",9.20%,"124,502",3.00%,"1,649,737",12.90%,"101,579",9.60%,"1,441,530",28.00%,"26,679",3.00%,"1,228,973",18.00%,"3,908,287",13.50%,"61,766",1.90%,"13,042",2.10%,"1,820,891",21.30%,"429,718",5.60%,"86,426",4.80%,"438,719",7.50%,"12,428",2.10%,"609,279",19.10%
        American Indian and Alaska Native,"53,674",1.10%,"147,358",20.10%,"412,256",5.70%,"54,059",1.80%,"772,394",2.00%,"135,472",2.40%,"36,229",1.00%,"9,307",1.00%,"6,818",1.00%,"174,845",0.80%,"91,801",0.90%,"31,936",2.30%,"43,756",2.40%,"101,823",0.80%,"53,972",0.80%,"24,157",0.80%,"66,174",2.30%,"27,768",0.60%,"62,087",1.30%,"21,048",1.60%,"55,949",0.90%,"50,888",0.70%,"149,052",1.50%,"114,350",2.00%,"25,154",0.80%,"77,887",1.30%,"90,259",8.40%,"34,247",1.80%,"69,491",2.30%,"11,586",0.90%,"57,278",0.60%,"226,281",10.80%,"196,234",1.00%,"208,829",2.00%,"52,745",6.90%,"97,330",0.80%,"540,542",13.70%,"129,081",3.10%,"92,251",0.70%,"13,827",1.30%,"47,908",0.90%,"92,709",10.50%,"58,662",0.90%,"350,100",1.20%,"57,986",1.80%,"9,006",1.40%,"76,902",0.90%,"228,712",3.00%,"11,575",0.60%,"92,246",1.60%,"19,199",3.30%,"13,738",0.40%
        Asian,"87,434",1.80%,"61,551",8.40%,"331,649",4.60%,"59,114",2.00%,"6,762,404",17.10%,"263,806",4.60%,"198,207",5.60%,"45,365",4.70%,"38,077",5.40%,"787,637",3.70%,"523,612",4.90%,"801,987",56.60%,"44,416",2.50%,"834,455",6.60%,"206,288",3.10%,"95,994",3.00%,"108,624",3.70%,"94,285",2.10%,"99,072",2.10%,"23,516",1.70%,"463,258",7.70%,"548,125",8.00%,"394,895",4.00%,"333,624",5.90%,"40,448",1.40%,"162,980",2.70%,"17,354",1.60%,"62,532",3.20%,"323,433",10.50%,"47,854",3.50%,"953,119",10.70%,"53,384",2.50%,"1,889,234",9.70%,"382,201",3.60%,"16,308",2.10%,"348,025",3.00%,"114,316",2.90%,"263,017",6.20%,"536,892",4.20%,"48,037",4.50%,"111,414",2.20%,"14,395",1.60%,"164,002",2.40%,"1,678,495",5.80%,"118,169",3.70%,"15,149",2.40%,"690,204",8.10%,"883,108",11.60%,"20,033",1.10%,"201,512",3.50%,"8,673",1.50%,"8,734",0.30%
        Native Hawaiian and Other Pacific Islander,"5,386",0.10%,"13,352",1.80%,"31,725",0.40%,"14,051",0.50%,"334,351",0.80%,"23,731",0.40%,"4,377",0.10%,"1,252",0.10%,662,0.10%,"45,992",0.20%,"17,766",0.20%,"354,987",25.10%,"7,130",0.40%,"16,155",0.10%,"8,652",0.10%,"5,051",0.20%,"5,752",0.20%,"6,874",0.20%,"4,313",0.10%,"1,177",0.10%,"10,564",0.20%,"9,306",0.10%,"8,522",0.10%,"9,728",0.20%,"1,638",0.10%,"15,817",0.30%,"4,170",0.40%,"4,380",0.20%,"42,865",1.40%,"2,440",0.20%,"11,855",0.10%,"4,029",0.20%,"32,965",0.20%,"18,026",0.20%,"3,073",0.40%,"17,557",0.20%,"12,902",0.30%,"35,802",0.80%,"14,490",0.10%,"3,288",0.30%,"12,744",0.20%,"2,868",0.30%,"9,899",0.10%,"68,085",0.20%,"49,776",1.60%,608,0.10%,"16,638",0.20%,"100,352",1.30%,"1,710",0.10%,"7,925",0.10%,"2,060",0.40%,349,0.00%
        Some other race,"81,472",1.70%,"15,700",2.10%,"422,541",5.80%,"82,974",2.70%,"5,895,002",14.90%,"248,621",4.30%,"228,411",6.40%,"26,576",2.70%,"34,027",4.80%,"828,037",3.90%,"368,840",3.50%,"44,491",3.10%,"80,118",4.50%,"796,594",6.30%,"175,969",2.60%,"39,087",1.20%,"97,606",3.40%,"53,286",1.20%,"76,113",1.60%,"7,973",0.60%,"328,213",5.40%,"340,401",4.90%,"140,058",1.40%,"128,643",2.30%,"31,875",1.10%,"89,385",1.50%,"10,226",1.00%,"58,108",3.00%,"349,520",11.30%,"12,038",0.90%,"633,898",7.10%,"211,040",10.10%,"1,826,106",9.40%,"387,557",3.70%,"7,959",1.00%,"148,342",1.30%,"106,233",2.70%,"175,072",4.20%,"386,035",3.00%,"73,269",6.90%,"127,224",2.50%,"6,973",0.80%,"123,704",1.80%,"1,898,004",6.50%,"142,626",4.40%,"2,504",0.40%,"283,087",3.30%,"419,447",5.50%,"9,790",0.50%,"139,326",2.40%,"14,143",2.40%,"522,308",16.40%
HISPANIC OR LATINO AND RACE,,,,,,,,,,,,,,,,,,,,,,,,,,,,,,,,,,,,,,,,,,,,,,,,,,,,,,,,,,,,,,,,,,,,,,,,,,,,,,,,,,,,,,,,,,,,,,,,,,,,,,,,
    Total population,"4,903,185","4,903,185","731,545","731,545","7,278,717","7,278,717","3,017,804","3,017,804","39,512,223","39,512,223","5,758,736","5,758,736","3,565,287","3,565,287","973,764","973,764","705,749","705,749","21,477,737","21,477,737","10,617,423","10,617,423","1,415,872","1,415,872","1,787,065","1,787,065","12,671,821","12,671,821","6,732,219","6,732,219","3,155,070","3,155,070","2,913,314","2,913,314","4,467,673","4,467,673","4,648,794","4,648,794","1,344,212","1,344,212","6,045,680","6,045,680","6,892,503","6,892,503","9,986,857","9,986,857","5,639,632","5,639,632","2,976,149","2,976,149","6,137,428","6,137,428","1,068,778","1,068,778","1,934,408","1,934,408","3,080,156","3,080,156","1,359,711","1,359,711","8,882,190","8,882,190","2,096,829","2,096,829","19,453,561","19,453,561","10,488,084","10,488,084","762,062","762,062","11,689,100","11,689,100","3,956,971","3,956,971","4,217,737","4,217,737","12,801,989","12,801,989","1,059,361","1,059,361","5,148,714","5,148,714","884,659","884,659","6,829,174","6,829,174","28,995,881","28,995,881","3,205,958","3,205,958","623,989","623,989","8,535,519","8,535,519","7,614,893","7,614,893","1,792,147","1,792,147","5,822,434","5,822,434","578,759","578,759","3,193,694","3,193,694"
        Hispanic or Latino (of any race),"219,296",4.50%,"52,548",7.20%,"2,310,592",31.70%,"231,951",7.70%,"15,574,882",39.40%,"1,256,903",21.80%,"600,954",16.90%,"93,390",9.60%,"79,477",11.30%,"5,663,629",26.40%,"1,042,642",9.80%,"150,864",10.70%,"229,494",12.80%,"2,216,300",17.50%,"485,554",7.20%,"197,482",6.30%,"354,804",12.20%,"168,017",3.80%,"250,203",5.40%,"23,067",1.70%,"643,171",10.60%,"853,735",12.40%,"525,973",5.30%,"314,217",5.60%,"90,143",3.00%,"264,334",4.30%,"40,328",3.80%,"219,472",11.30%,"900,599",29.20%,"54,182",4.00%,"1,856,845",20.90%,"1,032,950",49.30%,"3,749,257",19.30%,"1,022,995",9.80%,"30,486",4.00%,"467,589",4.00%,"438,106",11.10%,"566,839",13.40%,"997,830",7.80%,"172,643",16.30%,"298,478",5.80%,"33,018",3.70%,"389,127",5.70%,"11,524,842",39.70%,"462,054",14.40%,"12,408",2.00%,"828,154",9.70%,"991,723",13.00%,"26,823",1.50%,"412,769",7.10%,"58,607",10.10%,"3,134,759",98.20%
            Mexican,"124,329",2.50%,"28,490",3.90%,"2,024,770",27.80%,"168,521",5.60%,"12,875,655",32.60%,"920,228",16.00%,"62,231",1.70%,"37,561",3.90%,"9,223",1.30%,"742,993",3.50%,"577,994",5.40%,"50,693",3.60%,"196,154",11.00%,"1,717,252",13.60%,"339,775",5.00%,"147,788",4.70%,"279,620",9.60%,"91,833",2.10%,"89,707",1.90%,"5,544",0.40%,"100,137",1.70%,"47,327",0.70%,"366,413",3.70%,"208,078",3.70%,"51,249",1.70%,"171,502",2.80%,"29,795",2.80%,"156,554",8.10%,"677,268",22.00%,"7,513",0.60%,"223,512",2.50%,"672,106",32.10%,"470,811",2.40%,"553,568",5.30%,"20,021",2.60%,"207,749",1.80%,"354,696",9.00%,"461,710",10.90%,"163,907",1.30%,"11,492",1.10%,"155,642",3.00%,"20,531",2.30%,"230,856",3.40%,"9,663,908",33.30%,"341,326",10.60%,"5,128",0.80%,"193,756",2.30%,"788,488",10.40%,"7,920",0.40%,"290,079",5.00%,"42,958",7.40%,"9,002",0.30%
            Puerto Rican,"22,045",0.40%,"6,537",0.90%,"48,793",0.70%,"7,797",0.30%,"226,314",0.60%,"42,525",0.70%,"302,027",8.50%,"27,296",2.80%,"8,558",1.20%,"1,190,891",5.50%,"108,719",1.00%,"49,379",3.50%,"3,993",0.20%,"207,109",1.60%,"49,646",0.70%,"7,738",0.20%,"13,329",0.50%,"12,580",0.30%,"14,822",0.30%,"6,698",0.50%,"56,888",0.90%,"340,893",4.90%,"52,357",0.50%,"16,994",0.30%,"9,789",0.30%,"19,686",0.30%,"1,940",0.20%,"8,115",0.40%,"30,968",1.00%,"19,249",1.40%,"455,615",5.10%,"8,907",0.40%,"1,096,823",5.60%,"110,028",1.00%,"3,526",0.50%,"130,700",1.10%,"16,789",0.40%,"12,467",0.30%,"493,255",3.90%,"51,904",4.90%,"34,021",0.70%,"2,369",0.30%,"28,116",0.40%,"239,157",0.80%,"8,735",0.30%,"2,373",0.40%,"106,781",1.30%,"39,877",0.50%,"6,985",0.40%,"64,506",1.10%,"2,097",0.40%,"3,038,919",95.20%
            Cuban,"6,682",0.10%,"1,610",0.20%,"18,147",0.20%,"1,339",0.00%,"92,451",0.20%,"12,823",0.20%,"15,280",0.40%,579,0.10%,"1,772",0.30%,"1,589,455",7.40%,"37,768",0.40%,956,0.10%,367,0.00%,"22,518",0.20%,"7,622",0.10%,"2,862",0.10%,"5,278",0.20%,"21,013",0.50%,"17,373",0.40%,"1,426",0.10%,"14,354",0.20%,"19,030",0.30%,"14,433",0.10%,"5,727",0.10%,"6,291",0.20%,"9,329",0.20%,"1,054",0.10%,"7,232",0.40%,"36,041",1.20%,"2,190",0.20%,"88,671",1.00%,"7,317",0.30%,"69,996",0.40%,"25,098",0.20%,53,0.00%,"11,572",0.10%,"2,185",0.10%,"4,962",0.10%,"22,550",0.20%,"2,562",0.20%,"10,726",0.20%,258,0.00%,"13,521",0.20%,"105,546",0.40%,"2,737",0.10%,686,0.10%,"22,096",0.30%,"11,645",0.20%,867,0.00%,"5,412",0.10%,103,0.00%,"11,753",0.40%
            Other Hispanic or Latino,"66,240",1.40%,"15,911",2.20%,"218,882",3.00%,"54,294",1.80%,"2,380,462",6.00%,"281,327",4.90%,"221,416",6.20%,"27,954",2.90%,"59,924",8.50%,"2,140,290",10.00%,"318,161",3.00%,"49,836",3.50%,"28,980",1.60%,"269,421",2.10%,"88,511",1.30%,"39,094",1.20%,"56,577",1.90%,"42,591",1.00%,"128,301",2.80%,"9,399",0.70%,"471,792",7.80%,"446,485",6.50%,"92,770",0.90%,"83,418",1.50%,"22,814",0.80%,"63,817",1.00%,"7,539",0.70%,"47,571",2.50%,"156,322",5.10%,"25,230",1.90%,"1,089,047",12.30%,"344,620",16.40%,"2,111,627",10.90%,"334,301",3.20%,"6,886",0.90%,"117,568",1.00%,"64,436",1.60%,"87,700",2.10%,"318,118",2.50%,"106,685",10.10%,"98,089",1.90%,"9,860",1.10%,"116,634",1.70%,"1,516,231",5.20%,"109,256",3.40%,"4,221",0.70%,"505,521",5.90%,"151,713",2.00%,"11,051",0.60%,"52,772",0.90%,"13,449",2.30%,"75,085",2.40%
        Not Hispanic or Latino,"4,683,889",95.50%,"678,997",92.80%,"4,968,125",68.30%,"2,785,853",92.30%,"23,937,341",60.60%,"4,501,833",78.20%,"2,964,333",83.10%,"880,374",90.40%,"626,272",88.70%,"15,814,108",73.60%,"9,574,781",90.20%,"1,265,008",89.30%,"1,557,571",87.20%,"10,455,521",82.50%,"6,246,665",92.80%,"2,957,588",93.70%,"2,558,510",87.80%,"4,299,656",96.20%,"4,398,591",94.60%,"1,321,145",98.30%,"5,402,509",89.40%,"6,038,768",87.60%,"9,460,884",94.70%,"5,325,415",94.40%,"2,886,006",97.00%,"5,873,094",95.70%,"1,028,450",96.20%,"1,714,936",88.70%,"2,179,557",70.80%,"1,305,529",96.00%,"7,025,345",79.10%,"1,063,879",50.70%,"15,704,304",80.70%,"9,465,089",90.20%,"731,576",96.00%,"11,221,511",96.00%,"3,518,865",88.90%,"3,650,898",86.60%,"11,804,159",92.20%,"886,718",83.70%,"4,850,236",94.20%,"851,641",96.30%,"6,440,047",94.30%,"17,471,039",60.30%,"2,743,904",85.60%,"611,581",98.00%,"7,707,365",90.30%,"6,623,170",87.00%,"1,765,324",98.50%,"5,409,665",92.90%,"520,152",89.90%,"58,935",1.80%
            White alone,"3,192,955",65.10%,"437,714",59.80%,"3,929,213",54.00%,"2,171,931",72.00%,"14,356,081",36.30%,"3,888,129",67.50%,"2,339,665",65.60%,"597,001",61.30%,"263,153",37.30%,"11,378,457",53.00%,"5,502,156",51.80%,"305,020",21.50%,"1,458,027",81.60%,"7,690,980",60.70%,"5,272,268",78.30%,"2,684,701",85.10%,"2,196,485",75.40%,"3,762,699",84.20%,"2,707,712",58.20%,"1,247,719",92.80%,"3,011,980",49.80%,"4,846,166",70.30%,"7,457,021",74.70%,"4,451,938",78.90%,"1,675,524",56.30%,"4,854,400",79.10%,"916,551",85.80%,"1,515,756",78.40%,"1,473,587",47.80%,"1,219,067",89.70%,"4,824,866",54.30%,"770,678",36.80%,"10,710,524",55.10%,"6,552,128",62.50%,"637,376",83.60%,"9,157,673",78.30%,"2,567,995",64.90%,"3,158,958",74.90%,"9,680,558",75.60%,"750,077",70.80%,"3,271,797",63.50%,"721,020",81.50%,"5,006,712",73.30%,"11,929,568",41.10%,"2,490,644",77.70%,"576,892",92.50%,"5,212,705",61.10%,"5,126,694",67.30%,"1,649,468",92.00%,"4,704,609",80.80%,"484,403",83.70%,"42,606",1.30%
            Black or African American alone,"1,312,821",26.80%,"21,773",3.00%,"319,045",4.40%,"464,996",15.40%,"2,171,989",5.50%,"227,812",4.00%,"360,830",10.10%,"213,819",22.00%,"311,575",44.10%,"3,272,904",15.20%,"3,348,754",31.50%,"25,195",1.80%,"12,349",0.70%,"1,759,293",13.90%,"632,503",9.40%,"125,861",4.00%,"161,482",5.50%,"357,789",8.00%,"1,494,358",32.10%,"20,542",1.50%,"1,798,416",29.70%,"489,592",7.10%,"1,350,329",13.50%,"362,789",6.40%,"1,125,175",37.80%,"697,316",11.40%,"6,167",0.60%,"92,057",4.80%,"285,369",9.30%,"19,469",1.40%,"1,124,643",12.70%,"39,742",1.90%,"2,763,709",14.20%,"2,214,270",21.10%,"21,758",2.90%,"1,445,171",12.40%,"281,284",7.10%,"75,363",1.80%,"1,374,488",10.70%,"61,201",5.80%,"1,354,547",26.30%,"20,313",2.30%,"1,132,469",16.60%,"3,442,881",11.90%,"34,368",1.10%,"8,127",1.30%,"1,625,942",19.00%,"295,239",3.90%,"64,996",3.60%,"366,735",6.30%,"6,425",1.10%,"3,388",0.10%
            American Indian and Alaska Native alone,"19,364",0.40%,"113,467",15.50%,"289,161",4.00%,"16,216",0.50%,"149,063",0.40%,"31,851",0.60%,"5,738",0.20%,"3,195",0.30%,"1,668",0.20%,"42,758",0.20%,"19,850",0.20%,"3,133",0.20%,"18,354",1.00%,"12,938",0.10%,"11,852",0.20%,"9,771",0.30%,"19,238",0.70%,"6,894",0.20%,"24,272",0.50%,"8,949",0.70%,"14,884",0.20%,"13,013",0.20%,"52,365",0.50%,"51,930",0.90%,"13,037",0.40%,"23,140",0.40%,"64,628",6.00%,"14,464",0.70%,"27,771",0.90%,"1,524",0.10%,"9,261",0.10%,"181,772",8.70%,"42,268",0.20%,"113,771",1.10%,"38,164",5.00%,"16,111",0.10%,"303,050",7.70%,"40,821",1.00%,"17,150",0.10%,"2,291",0.20%,"15,810",0.30%,"73,878",8.40%,"17,899",0.30%,"77,748",0.30%,"30,210",0.90%,"2,435",0.40%,"17,497",0.20%,"86,811",1.10%,"3,529",0.20%,"49,093",0.80%,"12,291",2.10%,459,0.00%
            Asian alone,"65,215",1.30%,"43,322",5.90%,"235,202",3.20%,"45,839",1.50%,"5,786,711",14.60%,"183,793",3.20%,"165,523",4.60%,"36,366",3.70%,"28,346",4.00%,"587,358",2.70%,"435,875",4.10%,"539,409",38.10%,"24,186",1.40%,"710,119",5.60%,"169,824",2.50%,"75,672",2.40%,"85,643",2.90%,"72,276",1.60%,"81,016",1.70%,"15,094",1.10%,"383,867",6.30%,"470,127",6.80%,"325,616",3.30%,"283,422",5.00%,"30,836",1.00%,"126,278",2.10%,"8,675",0.80%,"47,389",2.40%,"256,708",8.30%,"35,761",2.60%,"849,020",9.60%,"33,694",1.60%,"1,669,362",8.60%,"307,366",2.90%,"10,630",1.40%,"273,219",2.30%,"88,647",2.20%,"191,850",4.50%,"450,916",3.50%,"36,215",3.40%,"86,100",1.70%,"11,530",1.30%,"124,108",1.80%,"1,430,236",4.90%,"75,560",2.40%,"8,470",1.40%,"560,030",6.60%,"680,421",8.90%,"14,085",0.80%,"166,443",2.90%,"4,544",0.80%,"2,650",0.10%
            Native Hawaiian and Other Pacific Islander alone,"1,520",0.00%,"9,715",1.30%,"13,361",0.20%,"12,673",0.40%,"141,846",0.40%,"6,727",0.10%,"1,155",0.00%,428,0.00%,90,0.00%,"13,927",0.10%,"5,811",0.10%,"140,656",9.90%,"2,289",0.10%,"2,897",0.00%,"2,726",0.00%,"1,406",0.00%,"2,092",0.10%,"3,903",0.10%,938,0.00%,222,0.00%,"2,297",0.00%,"2,473",0.00%,"1,900",0.00%,"2,618",0.00%,175,0.00%,"8,469",0.10%,224,0.00%,"1,733",0.10%,"20,153",0.70%,667,0.00%,"2,714",0.00%,629,0.00%,"3,725",0.00%,"5,003",0.00%,"2,792",0.40%,"4,296",0.00%,"3,543",0.10%,"13,164",0.30%,"2,595",0.00%,250,0.00%,"7,376",0.10%,"2,073",0.20%,"3,374",0.00%,"21,484",0.10%,"29,108",0.90%,336,0.10%,"4,347",0.10%,"48,667",0.60%,286,0.00%,"3,903",0.10%,717,0.10%,0,0.00%
            Some other race alone,"9,623",0.20%,"2,096",0.30%,"10,110",0.10%,"3,094",0.10%,"107,538",0.30%,"8,905",0.20%,"11,912",0.30%,"4,046",0.40%,"2,427",0.30%,"82,214",0.40%,"36,739",0.30%,"3,631",0.30%,"2,487",0.10%,"22,113",0.20%,"14,484",0.20%,"3,158",0.10%,"4,072",0.10%,"6,168",0.10%,"11,477",0.20%,"2,502",0.20%,"18,960",0.30%,"57,348",0.80%,"10,364",0.10%,"12,703",0.20%,"3,794",0.10%,"12,046",0.20%,"1,358",0.10%,"1,110",0.10%,"11,965",0.40%,"1,433",0.10%,"47,706",0.50%,"3,788",0.20%,"107,705",0.60%,"21,879",0.20%,624,0.10%,"19,236",0.20%,"3,887",0.10%,"5,530",0.10%,"19,913",0.20%,"8,741",0.80%,"8,058",0.20%,241,0.00%,"15,077",0.20%,"43,532",0.20%,"6,713",0.20%,716,0.10%,"23,329",0.30%,"14,188",0.20%,"2,569",0.10%,"5,824",0.10%,137,0.00%,"6,235",0.20%
            Two or more races,"82,391",1.70%,"50,910",7.00%,"172,033",2.40%,"71,104",2.40%,"1,224,113",3.10%,"154,616",2.70%,"79,510",2.20%,"25,519",2.60%,"19,013",2.70%,"436,490",2.00%,"225,596",2.10%,"247,964",17.50%,"39,879",2.20%,"257,181",2.00%,"143,008",2.10%,"57,019",1.80%,"89,498",3.10%,"89,927",2.00%,"78,818",1.70%,"26,117",1.90%,"172,105",2.80%,"160,049",2.30%,"263,289",2.60%,"160,015",2.80%,"37,465",1.30%,"151,445",2.50%,"30,847",2.90%,"42,427",2.20%,"104,004",3.40%,"27,608",2.00%,"167,135",1.90%,"33,576",1.60%,"407,011",2.10%,"250,672",2.40%,"20,232",2.70%,"305,805",2.60%,"270,459",6.80%,"165,212",3.90%,"258,539",2.00%,"27,943",2.60%,"106,548",2.10%,"22,586",2.60%,"140,408",2.10%,"525,590",1.80%,"77,301",2.40%,"14,605",2.30%,"263,515",3.10%,"371,150",4.90%,"30,391",1.70%,"113,058",1.90%,"11,635",2.00%,"3,597",0.10%
                Two races including Some other race,"2,245",0.00%,672,0.10%,"5,109",0.10%,"1,212",0.00%,"52,948",0.10%,"6,172",0.10%,"5,810",0.20%,868,0.10%,659,0.10%,"19,850",0.10%,"12,286",0.10%,"1,867",0.10%,609,0.00%,"10,181",0.10%,"3,129",0.00%,836,0.00%,903,0.00%,"1,221",0.00%,"2,085",0.00%,702,0.10%,"7,627",0.10%,"15,664",0.20%,"5,974",0.10%,"3,704",0.10%,542,0.00%,"3,057",0.00%,873,0.10%,"1,239",0.10%,"3,382",0.10%,504,0.00%,"17,256",0.20%,"1,594",0.10%,"42,729",0.20%,"8,009",0.10%,99,0.00%,"5,143",0.00%,"2,559",0.10%,"4,893",0.10%,"8,496",0.10%,"3,325",0.30%,"3,334",0.10%,90,0.00%,"5,332",0.10%,"17,138",0.10%,"1,487",0.00%,118,0.00%,"7,130",0.10%,"7,873",0.10%,"1,192",0.10%,"2,877",0.00%,238,0.00%,250,0.00%
"                Two races excluding Some other race, and Three or more races","80,146",1.60%,"50,238",6.90%,"166,924",2.30%,"69,892",2.30%,"1,171,165",3.00%,"148,444",2.60%,"73,700",2.10%,"24,651",2.50%,"18,354",2.60%,"416,640",1.90%,"213,310",2.00%,"246,097",17.40%,"39,270",2.20%,"247,000",1.90%,"139,879",2.10%,"56,183",1.80%,"88,595",3.00%,"88,706",2.00%,"76,733",1.70%,"25,415",1.90%,"164,478",2.70%,"144,385",2.10%,"257,315",2.60%,"156,311",2.80%,"36,923",1.20%,"148,388",2.40%,"29,974",2.80%,"41,188",2.10%,"100,622",3.30%,"27,104",2.00%,"149,879",1.70%,"31,982",1.50%,"364,282",1.90%,"242,663",2.30%,"20,133",2.60%,"300,662",2.60%,"267,900",6.80%,"160,319",3.80%,"250,043",2.00%,"24,618",2.30%,"103,214",2.00%,"22,496",2.50%,"135,076",2.00%,"508,452",1.80%,"75,814",2.40%,"14,487",2.30%,"256,385",3.00%,"363,277",4.80%,"29,199",1.60%,"110,181",1.90%,"11,397",2.00%,"3,347",0.10%
Total housing units,"2,284,922",(X),"319,867",(X),"3,076,048",(X),"1,389,159",(X),"14,367,012",(X),"2,464,109",(X),"1,524,959",(X),"443,764",(X),"322,814",(X),"9,674,053",(X),"4,378,350",(X),"550,328",(X),"751,113",(X),"5,388,210",(X),"2,921,115",(X),"1,418,600",(X),"1,288,430",(X),"2,006,335",(X),"2,089,824",(X),"750,964",(X),"2,470,307",(X),"2,928,818",(X),"4,629,605",(X),"2,477,515",(X),"1,339,047",(X),"2,819,334",(X),"519,938",(X),"851,167",(X),"1,285,681",(X),"642,298",(X),"3,641,854",(X),"948,470",(X),"8,404,205",(X),"4,748,148",(X),"379,974",(X),"5,232,943",(X),"1,749,520",(X),"1,808,482",(X),"5,732,580",(X),"470,177",(X),"2,351,364",(X),"401,749",(X),"3,028,437",(X),"11,283,892",(X),"1,133,543",(X),"339,412",(X),"3,562,258",(X),"3,195,098",(X),"894,983",(X),"2,725,153",(X),"280,281",(X),"1,559,505",(X)
"CITIZEN, VOTING AGE POPULATION",,,,,,,,,,,,,,,,,,,,,,,,,,,,,,,,,,,,,,,,,,,,,,,,,,,,,,,,,,,,,,,,,,,,,,,,,,,,,,,,,,,,,,,,,,,,,,,,,,,,,,,,
"    Citizen, 18 and over population","3,731,336","3,731,336","533,151","533,151","5,137,474","5,137,474","2,235,415","2,235,415","26,032,160","26,032,160","4,244,210","4,244,210","2,619,474","2,619,474","725,178","725,178","536,768","536,768","15,507,315","15,507,315","7,581,837","7,581,837","1,014,035","1,014,035","1,282,630","1,282,630","9,088,036","9,088,036","4,978,356","4,978,356","2,348,787","2,348,787","2,103,748","2,103,748","3,367,502","3,367,502","3,463,372","3,463,372","1,078,770","1,078,770","4,316,921","4,316,921","5,057,192","5,057,192","7,562,464","7,562,464","4,157,556","4,157,556","2,246,323","2,246,323","4,650,318","4,650,318","831,760","831,760","1,388,950","1,388,950","2,111,932","2,111,932","1,070,215","1,070,215","6,170,130","6,170,130","1,522,171","1,522,171","13,810,830","13,810,830","7,729,644","7,729,644","567,545","567,545","8,879,469","8,879,469","2,875,059","2,875,059","3,162,204","3,162,204","9,810,201","9,810,201","800,798","800,798","3,892,341","3,892,341","653,394","653,394","5,129,580","5,129,580","18,875,542","18,875,542","2,134,249","2,134,249","498,705","498,705","6,226,623","6,226,623","5,409,035","5,409,035","1,420,289","1,420,289","4,412,888","4,412,888","434,852","434,852","2,579,596","2,579,596"
        Male,"1,768,386",47.40%,"278,479",52.20%,"2,533,931",49.30%,"1,075,762",48.10%,"12,786,049",49.10%,"2,128,648",50.20%,"1,253,707",47.90%,"344,221",47.50%,"249,106",46.40%,"7,459,575",48.10%,"3,596,624",47.40%,"512,571",50.50%,"636,414",49.60%,"4,390,707",48.30%,"2,411,501",48.40%,"1,154,307",49.10%,"1,035,098",49.20%,"1,631,725",48.50%,"1,655,152",47.80%,"522,044",48.40%,"2,050,021",47.50%,"2,407,924",47.60%,"3,676,586",48.60%,"2,045,864",49.20%,"1,067,205",47.50%,"2,248,899",48.40%,"415,318",49.90%,"683,539",49.20%,"1,055,523",50.00%,"525,283",49.10%,"2,960,049",48.00%,"743,883",48.90%,"6,590,849",47.70%,"3,681,272",47.60%,"289,374",51.00%,"4,288,268",48.30%,"1,404,052",48.80%,"1,545,421",48.90%,"4,743,600",48.40%,"382,238",47.70%,"1,847,097",47.50%,"327,804",50.20%,"2,456,302",47.90%,"9,232,534",48.90%,"1,065,672",49.90%,"244,340",49.00%,"3,030,164",48.70%,"2,684,022",49.60%,"696,420",49.00%,"2,172,383",49.20%,"220,281",50.70%,"1,206,627",46.80%
        Female,"1,962,950",52.60%,"254,672",47.80%,"2,603,543",50.70%,"1,159,653",51.90%,"13,246,111",50.90%,"2,115,562",49.80%,"1,365,767",52.10%,"380,957",52.50%,"287,662",53.60%,"8,047,740",51.90%,"3,985,213",52.60%,"501,464",49.50%,"646,216",50.40%,"4,697,329",51.70%,"2,566,855",51.60%,"1,194,480",50.90%,"1,068,650",50.80%,"1,735,777",51.50%,"1,808,220",52.20%,"556,726",51.60%,"2,266,900",52.50%,"2,649,268",52.40%,"3,885,878",51.40%,"2,111,692",50.80%,"1,179,118",52.50%,"2,401,419",51.60%,"416,442",50.10%,"705,411",50.80%,"1,056,409",50.00%,"544,932",50.90%,"3,210,081",52.00%,"778,288",51.10%,"7,219,981",52.30%,"4,048,372",52.40%,"278,171",49.00%,"4,591,201",51.70%,"1,471,007",51.20%,"1,616,783",51.10%,"5,066,601",51.60%,"418,560",52.30%,"2,045,244",52.50%,"325,590",49.80%,"2,673,278",52.10%,"9,643,008",51.10%,"1,068,577",50.10%,"254,365",51.00%,"3,196,459",51.30%,"2,725,013",50.40%,"723,869",51.00%,"2,240,505",50.80%,"214,571",49.30%,"1,372,969",53.20%
